City_ID,City,Lat,Lng,Max Temp,Humidity,Cloudiness,Wind Speed,Country,Date
0,Rikitea,-23.1203,-134.9692,78.24,72,100,6.71,PF,2021-04-27 02:47:32
1,Bluff,-46.6,168.3333,46.99,69,90,8.99,NZ,2021-04-27 02:47:32
2,Butaritari,3.0707,172.7902,82.87,75,54,11.34,KI,2021-04-27 02:47:32
3,Tuatapere,-46.1333,167.6833,46.99,69,95,8.99,NZ,2021-04-27 02:44:43
4,Lompoc,34.6391,-120.4579,53.6,71,1,14.97,US,2021-04-27 02:47:33
5,Barrow,71.2906,-156.7887,21.2,68,1,17.27,US,2021-04-27 02:47:33
6,Ilulissat,69.2167,-51.1,39.2,65,20,5.75,GL,2021-04-27 02:45:55
7,Busselton,-33.65,115.3333,73.99,76,38,1.99,AU,2021-04-27 02:43:26
8,Saskylakh,71.9167,114.0833,13.23,87,28,5.39,RU,2021-04-27 02:47:33
9,Kapoeta,4.7717,33.5903,71.47,81,100,8.68,SS,2021-04-27 02:47:34
10,Banja Luka,44.7758,17.1856,46.99,93,20,4.61,BA,2021-04-27 02:47:34
11,Ribeira Grande,38.5167,-28.7,60.51,84,100,3.49,PT,2021-04-27 02:45:33
12,Vaini,-21.2,-175.2,75.2,94,90,5.75,TO,2021-04-27 02:47:34
13,Horki,54.2861,30.9842,30.2,86,75,6.71,BY,2021-04-27 02:47:35
14,Pundaguitan,6.3711,126.1689,81.82,73,62,8.3,PH,2021-04-27 02:47:35
15,Souillac,-20.5167,57.5167,77.0,88,75,8.05,MU,2021-04-27 02:47:35
16,Mataura,-46.1927,168.8643,46.99,69,88,8.99,NZ,2021-04-27 02:47:36
17,Laguna,38.421,-121.4238,64.4,25,1,5.75,US,2021-04-27 02:46:26
18,Port Elizabeth,-33.918,25.5701,62.6,82,0,17.27,ZA,2021-04-27 02:47:36
19,Kavaratti,10.5669,72.642,84.56,72,10,7.85,IN,2021-04-27 02:47:36
20,Medicine Hat,50.0501,-110.6683,53.6,37,20,2.3,CA,2021-04-27 02:47:36
21,Nikolskoye,59.7035,30.7861,39.2,81,75,6.71,RU,2021-04-27 02:46:00
22,Albany,42.6001,-73.9662,43.0,53,7,1.01,US,2021-04-27 02:46:49
23,Pacific Grove,36.6177,-121.9166,54.0,79,50,15.39,US,2021-04-27 02:47:37
24,Lebu,-37.6167,-73.65,53.19,88,40,8.41,CL,2021-04-27 02:47:37
25,Kruisfontein,-34.0033,24.7314,63.0,85,54,1.01,ZA,2021-04-27 02:46:56
26,Avarua,-21.2078,-159.775,82.4,74,40,3.44,CK,2021-04-27 02:47:38
27,Jamestown,42.097,-79.2353,46.4,42,75,6.91,US,2021-04-27 02:43:31
28,Kapaa,22.0752,-159.319,77.0,65,20,8.05,US,2021-04-27 02:43:47
29,Georgetown,5.4112,100.3354,80.6,83,20,3.44,MY,2021-04-27 02:43:37
30,Harper,4.375,-7.7169,79.7,84,35,6.24,LR,2021-04-27 02:47:38
31,Mandalgovi,45.7625,106.2708,37.36,34,29,20.83,MN,2021-04-27 02:47:38
32,Dunedin,-45.8742,170.5036,45.0,86,100,10.0,NZ,2021-04-27 02:46:36
33,Zatoka,46.0725,30.4654,44.6,87,75,15.5,UA,2021-04-27 02:47:39
34,Northampton,40.8754,-75.2499,43.0,65,5,3.0,US,2021-04-27 02:47:39
35,Prince Albert,53.2001,-105.7677,55.4,22,75,8.05,CA,2021-04-27 02:47:39
36,Livingston,55.9029,-3.5226,44.6,93,75,3.44,GB,2021-04-27 02:47:40
37,Chuy,-33.6971,-53.4616,52.84,83,0,7.38,UY,2021-04-27 02:47:40
38,Atuona,-9.8,-139.0333,79.52,76,93,16.78,PF,2021-04-27 02:43:18
39,Sitka,57.0531,-135.33,50.0,66,75,5.23,US,2021-04-27 02:47:40
40,Chokurdakh,70.6333,147.9167,27.41,83,95,2.53,RU,2021-04-27 02:47:41
41,Hermanus,-34.4187,19.2345,61.0,88,99,1.01,ZA,2021-04-27 02:44:03
42,Saint George,37.1041,-113.5841,55.99,54,1,11.5,US,2021-04-27 02:45:15
43,Punta Arenas,-53.15,-70.9167,42.8,100,90,3.44,CL,2021-04-27 02:47:41
44,Parana,-31.732,-60.5238,61.0,82,1,4.34,AR,2021-04-27 02:42:49
45,Tasiilaq,65.6145,-37.6368,41.0,60,40,6.89,GL,2021-04-27 02:45:36
46,Arraial Do Cabo,-22.9661,-42.0278,74.59,78,100,2.77,BR,2021-04-27 02:47:42
47,Carnarvon,-24.8667,113.6333,78.8,47,0,3.44,AU,2021-04-27 02:47:42
48,Bilibino,68.0546,166.4372,26.6,75,100,3.71,RU,2021-04-27 02:47:42
49,Ambon,-3.6954,128.1814,89.6,55,40,5.75,ID,2021-04-27 02:47:43
50,Coquimbo,-29.9533,-71.3436,57.2,82,90,2.3,CL,2021-04-27 02:46:35
51,Castro,-24.7911,-50.0119,55.67,93,2,2.95,BR,2021-04-27 02:47:43
52,Puerto Ayora,-0.7393,-90.3518,74.89,90,38,4.68,EC,2021-04-27 02:45:35
53,Rio Grande,-32.035,-52.0986,52.0,95,2,11.65,BR,2021-04-27 02:46:40
54,Khatanga,71.9667,102.5,24.33,91,100,18.43,RU,2021-04-27 02:47:44
55,Grivenskaya,45.6473,38.176,42.67,87,7,6.15,RU,2021-04-27 02:47:44
56,Macenta,8.5435,-9.471,68.65,98,99,0.18,GN,2021-04-27 02:47:44
57,Plouzane,48.3833,-4.6167,42.8,87,0,10.36,FR,2021-04-27 02:47:44
58,Nizwa,22.9333,57.5333,82.45,26,84,1.48,OM,2021-04-27 02:47:45
59,Yellowknife,62.456,-114.3525,8.6,52,20,14.97,CA,2021-04-27 02:47:45
60,Namatanai,-3.6667,152.4333,85.17,69,44,3.98,PG,2021-04-27 02:47:45
61,Lourdes,43.1,-0.05,50.0,100,75,2.3,FR,2021-04-27 02:47:46
62,Hobart,-42.8794,147.3294,64.99,48,20,8.05,AU,2021-04-27 02:45:42
63,Black Diamond,47.3087,-122.0032,55.99,69,66,1.36,US,2021-04-27 02:45:14
64,Vygonichi,53.0985,34.0673,30.2,80,40,4.47,RU,2021-04-27 02:47:46
65,Kumluca,36.3703,30.2869,64.92,36,0,5.88,TR,2021-04-27 02:47:46
66,New Norfolk,-42.7826,147.0587,66.0,42,22,4.0,AU,2021-04-27 02:47:47
67,Ushuaia,-54.8,-68.3,42.8,81,75,2.3,AR,2021-04-27 02:43:36
68,Karatuzskoye,53.6072,92.8667,47.75,52,85,5.95,RU,2021-04-27 02:47:47
69,Te Anau,-45.4167,167.7167,44.91,66,62,2.33,NZ,2021-04-27 02:47:47
70,Yerbogachen,61.2767,108.0108,25.79,54,68,7.47,RU,2021-04-27 02:47:48
71,Alofi,-19.0595,-169.9187,84.2,79,80,11.5,NU,2021-04-27 02:47:48
72,Eskilstuna,59.3666,16.5077,34.0,80,90,2.3,SE,2021-04-27 02:47:48
73,Birin,26.8865,88.0718,78.82,17,39,5.19,NP,2021-04-27 02:47:49
74,Port Alfred,-33.5906,26.891,67.03,89,96,16.44,ZA,2021-04-27 02:43:42
75,Neuenburg,46.9918,6.931,44.6,69,0,4.12,CH,2021-04-27 02:47:49
76,Moussoro,13.6408,16.4901,84.74,9,71,11.86,TD,2021-04-27 02:47:50
77,Mar Del Plata,-38.0023,-57.5575,57.0,93,0,0.49,AR,2021-04-27 02:47:50
78,Saldanha,-33.0117,17.9442,60.8,94,11,5.75,ZA,2021-04-27 02:47:50
79,Lagoa,39.05,-27.9833,59.16,88,100,13.73,PT,2021-04-27 02:47:50
80,Ust-Kuyga,70.0167,135.6,25.61,91,100,8.61,RU,2021-04-27 02:47:51
81,Soyo,-6.1349,12.3689,78.98,89,100,6.02,AO,2021-04-27 02:47:51
82,Lata,40.1629,-8.3327,59.0,100,40,1.14,PT,2021-04-27 02:47:51
83,Makakilo City,21.3469,-158.0858,80.6,57,90,11.5,US,2021-04-27 02:47:52
84,Hasaki,35.7333,140.8333,68.0,51,75,10.36,JP,2021-04-27 02:47:52
85,Kodiak,57.79,-152.4072,42.8,87,90,17.27,US,2021-04-27 02:47:52
86,Tuktoyaktuk,69.4541,-133.0374,12.2,73,1,16.11,CA,2021-04-27 02:47:53
87,Puerto Madryn,-42.7692,-65.0385,62.91,58,72,4.92,AR,2021-04-27 02:47:53
88,Pevek,69.7008,170.3133,26.2,94,100,3.53,RU,2021-04-27 02:47:53
89,Okahandja,-21.9833,16.9167,62.6,45,5,3.44,NA,2021-04-27 02:47:53
90,Mozarlandia,-14.7447,-50.5706,73.53,65,24,1.66,BR,2021-04-27 02:47:54
91,Xining,36.6167,101.7667,46.36,35,99,9.22,CN,2021-04-27 02:47:54
92,Port-Gentil,-0.7193,8.7815,81.5,79,100,4.92,GA,2021-04-27 02:47:27
93,Mnogovershinnyy,53.9353,139.9242,43.57,63,88,6.22,RU,2021-04-27 02:47:54
94,Alcudia,39.8532,3.1214,55.0,87,20,4.61,ES,2021-04-27 02:47:55
95,Skuodas,56.2667,21.5333,37.4,93,90,5.75,LT,2021-04-27 02:47:55
96,Tiksi,71.6872,128.8694,17.01,85,100,10.58,RU,2021-04-27 02:47:55
97,Poplar Bluff,36.757,-90.3929,70.0,56,1,9.22,US,2021-04-27 02:47:56
98,Santa Fe,-31.6333,-60.7,61.0,82,0,3.38,AR,2021-04-27 02:47:56
99,Santona,43.4439,-3.4576,55.99,100,75,10.36,ES,2021-04-27 02:47:56
100,Zhigansk,66.7697,123.3711,19.04,84,100,14.97,RU,2021-04-27 02:47:56
101,Sur,22.5667,59.5289,87.24,37,11,4.47,OM,2021-04-27 02:47:57
102,San Cristobal,7.7669,-72.225,78.8,94,75,11.5,VE,2021-04-27 02:47:57
103,Yumen,40.2833,97.2,49.35,13,91,8.03,CN,2021-04-27 02:47:57
104,Poum,-20.2333,164.0167,76.53,69,43,23.62,NC,2021-04-27 02:47:58
105,Kidal,18.4411,1.4078,84.72,25,3,5.14,ML,2021-04-27 02:47:58
106,Abu Samrah,35.3029,37.1841,56.68,85,0,9.66,SY,2021-04-27 02:47:58
107,Zemio,5.0314,25.1361,67.93,97,84,3.6,CF,2021-04-27 02:47:58
108,Imeni Poliny Osipenko,52.4201,136.4853,57.61,32,100,11.65,RU,2021-04-27 02:47:59
109,Sorland,67.667,12.6934,37.06,56,51,17.0,NO,2021-04-27 02:47:59
110,Byron Bay,-28.65,153.6167,73.4,56,1,13.8,AU,2021-04-27 02:47:59
111,Comodoro Rivadavia,-45.8667,-67.5,66.2,45,0,25.32,AR,2021-04-27 02:45:01
112,Buayan,6.1164,125.2347,80.6,83,75,5.75,PH,2021-04-27 02:48:00
113,Bredasdorp,-34.5322,20.0403,55.4,94,96,1.14,ZA,2021-04-27 02:43:30
114,Qaanaaq,77.484,-69.3632,34.05,68,100,7.18,GL,2021-04-27 02:48:00
115,Airai,-8.9266,125.4092,74.3,37,55,1.83,TL,2021-04-27 02:48:00
116,Sungaipenuh,-2.0833,101.3833,78.62,61,27,1.19,ID,2021-04-27 02:48:01
117,Saquarema,-22.92,-42.5103,77.0,78,75,3.44,BR,2021-04-27 02:48:01
118,Sao Filipe,14.8961,-24.4956,72.55,73,98,8.95,CV,2021-04-27 02:48:01
119,Constitucion,-35.3333,-72.4167,57.52,62,0,6.4,CL,2021-04-27 02:48:02
120,Sabang,5.8933,95.3214,83.34,71,81,2.55,ID,2021-04-27 02:48:02
121,Cockburn Town,21.4612,-71.1419,78.53,74,2,14.43,TC,2021-04-27 02:47:27
122,Sechura,-5.5569,-80.8222,71.06,73,70,12.93,PE,2021-04-27 02:48:02
123,Kismayo,-0.3582,42.5454,80.78,79,46,6.15,SO,2021-04-27 02:48:03
124,Lavrentiya,65.5833,-171.0,33.4,90,10,0.29,RU,2021-04-27 02:48:03
125,Olafsvik,64.8945,-23.7142,42.51,73,0,6.51,IS,2021-04-27 02:46:38
126,North Platte,41.1239,-100.7654,71.6,40,1,12.66,US,2021-04-27 02:48:03
127,Canutama,-6.5339,-64.3831,73.89,98,100,1.9,BR,2021-04-27 02:48:04
128,Vao,-22.6667,167.4833,72.99,67,8,19.66,NC,2021-04-27 02:48:04
129,Tynda,55.1667,124.7167,38.7,95,100,7.2,RU,2021-04-27 02:48:05
130,Verkhnyaya Toyma,62.2349,44.9985,38.48,98,100,2.26,RU,2021-04-27 02:48:05
131,Torbay,47.6666,-52.7314,42.01,93,90,24.16,CA,2021-04-27 02:48:05
132,Porto Novo,6.4965,2.6036,84.2,84,40,11.5,BJ,2021-04-27 02:46:19
133,Clyde River,70.4692,-68.5914,24.8,100,90,2.3,CA,2021-04-27 02:48:06
134,Awbari,26.5921,12.7805,80.02,21,63,15.23,LY,2021-04-27 02:48:06
135,Pisco,-13.7,-76.2167,64.99,88,0,9.22,PE,2021-04-27 02:43:46
136,Ancud,-41.8697,-73.8203,55.99,100,90,10.36,CL,2021-04-27 02:48:06
137,Kavieng,-2.5744,150.7967,84.25,67,45,2.95,PG,2021-04-27 02:48:07
138,Saint-Francois,46.4154,3.9054,43.0,100,0,0.34,FR,2021-04-27 02:48:07
139,Mehamn,71.0357,27.8492,26.6,68,40,8.05,NO,2021-04-27 02:47:27
140,Acajutla,13.5928,-89.8275,73.0,100,14,1.99,SV,2021-04-27 02:48:07
141,Hilo,19.7297,-155.09,78.8,61,40,9.22,US,2021-04-27 02:48:07
142,Thyboron,56.6985,8.2124,32.0,57,1,9.19,DK,2021-04-27 02:48:08
143,Borogontsy,62.6683,131.1683,32.23,89,100,8.19,RU,2021-04-27 02:48:08
144,Goderich,43.7501,-81.7165,44.6,53,100,9.22,CA,2021-04-27 02:48:08
145,College,64.8569,-147.8028,50.0,37,20,20.71,US,2021-04-27 02:47:09
146,Cherskiy,68.75,161.3,25.59,75,46,6.04,RU,2021-04-27 02:48:09
147,Dikson,73.5069,80.5464,31.73,98,100,17.72,RU,2021-04-27 02:48:09
148,Esperance,-33.8667,121.9,82.4,21,100,20.71,AU,2021-04-27 02:48:09
149,Wenzhou,27.9994,120.6668,62.6,87,100,3.49,CN,2021-04-27 02:48:10
150,Henties Bay,-22.116,14.2845,61.0,90,2,1.99,NA,2021-04-27 02:48:10
151,Labuhan,-6.8844,112.2051,84.58,70,34,5.61,ID,2021-04-27 02:48:10
152,Puerto Carreno,6.189,-67.4859,81.1,74,84,3.42,CO,2021-04-27 02:48:10
153,Coruripe,-10.1256,-36.1756,76.57,86,5,4.99,BR,2021-04-27 02:48:11
154,Sibolga,1.7427,98.7792,82.36,76,97,1.1,ID,2021-04-27 02:48:11
155,Turukhansk,65.8167,87.9833,33.26,90,2,12.71,RU,2021-04-27 02:48:11
156,Lorengau,-2.0226,147.2712,83.75,72,34,2.86,PG,2021-04-27 02:47:57
157,Zhezkazgan,47.8043,67.7144,61.34,25,81,12.93,KZ,2021-04-27 02:48:12
158,Caravelas,-17.7125,-39.2481,74.89,83,67,5.88,BR,2021-04-27 02:48:12
159,Arman,59.7,150.1667,26.24,71,35,3.94,RU,2021-04-27 02:48:12
160,San-Pedro,4.7485,-6.6363,78.94,89,91,5.88,CI,2021-04-27 02:48:13
161,Petropavlovsk-Kamchatskiy,53.0452,158.6483,35.6,100,90,2.24,RU,2021-04-27 02:48:13
162,Dongsheng,39.8161,109.9776,45.03,15,0,24.54,CN,2021-04-27 02:48:13
163,Bethel,41.3712,-73.414,50.0,32,1,4.16,US,2021-04-27 02:48:13
164,Taoudenni,22.6783,-3.9836,86.94,14,6,9.46,ML,2021-04-27 02:48:14
165,Port Augusta,-32.5,137.7667,69.8,64,0,6.91,AU,2021-04-27 02:48:14
166,San Patricio,28.017,-97.5169,73.99,88,90,13.8,US,2021-04-27 02:48:14
167,Wewak,-3.5534,143.6268,82.98,79,18,3.87,PG,2021-04-27 02:48:15
168,Mahebourg,-20.4081,57.7,77.0,88,75,8.05,MU,2021-04-27 02:43:35
169,Saint-Philippe,-21.3585,55.7679,75.2,78,90,17.27,RE,2021-04-27 02:48:15
170,Anzio,41.4853,12.6179,61.0,75,55,4.0,IT,2021-04-27 02:48:15
171,Cidreira,-30.1811,-50.2056,61.5,79,1,9.51,BR,2021-04-27 02:48:16
172,Puerto Suarez,-18.95,-57.8,66.49,73,4,3.51,BO,2021-04-27 02:48:16
173,Ambovombe,-25.1667,46.0833,69.31,86,0,4.18,MG,2021-04-27 02:48:16
174,San Andres Del Rabanedo,42.6117,-5.6167,48.99,93,20,5.75,ES,2021-04-27 02:48:16
175,Thompson,55.7435,-97.8558,44.6,57,75,9.22,CA,2021-04-27 02:48:17
176,Cape Town,-33.9258,18.4232,63.0,94,90,3.44,ZA,2021-04-27 02:48:11
177,Cayenne,4.9333,-52.3333,75.99,100,75,6.91,GF,2021-04-27 02:48:17
178,Manta,-0.95,-80.7333,77.0,83,0,8.05,EC,2021-04-27 02:48:17
179,Namibe,-15.1961,12.1522,74.03,74,11,6.2,AO,2021-04-27 02:45:58
180,Odienne,9.51,-7.5692,74.68,83,100,4.21,CI,2021-04-27 02:48:18
181,Seoul,37.5683,126.9778,64.4,45,0,5.75,KR,2021-04-27 02:44:33
182,Mayo,38.8876,-76.5119,53.6,66,1,5.06,US,2021-04-27 02:48:18
183,Port Lincoln,-34.7333,135.8667,69.42,53,0,5.26,AU,2021-04-27 02:48:18
184,Anloga,5.7947,0.8973,84.2,84,40,5.75,GH,2021-04-27 02:48:19
185,Eresos,39.1667,25.9333,51.8,76,0,5.75,GR,2021-04-27 02:48:19
186,Adre,13.4667,22.2,77.29,11,62,13.58,TD,2021-04-27 02:48:19
187,Hovd,48.0056,91.6419,43.29,19,33,1.72,MN,2021-04-27 02:47:20
188,Beringovskiy,63.05,179.3167,33.51,94,79,3.13,RU,2021-04-27 02:45:46
189,Kloulklubed,7.0419,134.2556,82.4,78,90,13.8,PW,2021-04-27 02:46:56
190,Boende,-0.2167,20.8667,74.64,89,97,1.63,CD,2021-04-27 02:48:20
191,Eyl,7.9803,49.8164,81.97,75,72,1.83,SO,2021-04-27 02:48:20
192,Acari,-15.4311,-74.6158,69.64,83,33,1.54,PE,2021-04-27 02:48:21
193,Port Blair,11.6667,92.75,85.42,62,86,2.26,IN,2021-04-27 02:48:21
194,Liverpool,53.4106,-2.9779,51.8,76,100,8.05,GB,2021-04-27 02:45:48
195,Awjilah,29.1081,21.2869,65.79,34,2,4.09,LY,2021-04-27 02:48:21
196,Muscat,23.6139,58.5922,87.8,20,0,5.75,OM,2021-04-27 02:48:21
197,San Luis,-33.295,-66.3356,56.82,68,0,6.24,AR,2021-04-27 02:48:22
198,Plettenberg Bay,-34.0527,23.3716,59.14,91,12,2.51,ZA,2021-04-27 02:45:49
199,Pangnirtung,66.1451,-65.7125,31.84,97,97,2.39,CA,2021-04-27 02:48:22
200,Vila Franca Do Campo,37.7167,-25.4333,59.0,82,75,9.22,PT,2021-04-27 02:48:22
201,Aklavik,68.2191,-135.0107,23.0,42,77,5.75,CA,2021-04-27 02:48:23
202,Marienburg,54.0359,19.0266,37.0,67,93,6.53,PL,2021-04-27 02:48:23
203,Belyy Yar,53.6039,91.3903,46.4,39,0,2.24,RU,2021-04-27 02:48:23
204,Coihaique,-45.5752,-72.0662,53.6,82,75,10.36,CL,2021-04-27 02:48:24
205,Saint-Pierre,-21.3393,55.4781,75.2,78,90,17.27,RE,2021-04-27 02:48:24
206,Homer,59.6425,-151.5483,53.6,32,1,13.8,US,2021-04-27 02:48:24
207,Ahipara,-35.1667,173.1667,63.72,73,69,9.22,NZ,2021-04-27 02:48:25
208,Lakes Entrance,-37.8811,147.981,62.01,67,19,3.0,AU,2021-04-27 02:48:25
209,Santa Rosa,14.3122,121.1114,86.0,70,85,1.99,PH,2021-04-27 02:48:25
210,Walvis Bay,-22.9575,14.5053,61.0,94,29,4.61,NA,2021-04-27 02:48:26
211,Oktyabrskoye,43.0645,44.7417,48.2,93,100,4.47,RU,2021-04-27 02:48:26
212,Homa Bay,-0.5273,34.4571,66.56,88,100,2.93,KE,2021-04-27 02:48:26
213,Vardo,70.3705,31.1107,30.2,80,75,9.22,NO,2021-04-27 02:48:27
214,Mount Gambier,-37.8333,140.7667,59.0,72,90,5.75,AU,2021-04-27 02:48:27
215,Seydi,39.4816,62.9137,73.87,22,0,8.52,TM,2021-04-27 02:48:27
216,Hamilton,39.1834,-84.5333,62.01,71,1,8.12,US,2021-04-27 02:48:28
217,Solnechnyy,50.7214,136.6319,57.54,29,100,10.11,RU,2021-04-27 02:48:28
218,Riyadh,24.6877,46.7219,75.2,22,0,8.25,SA,2021-04-27 02:48:28
219,Varhaug,58.6147,5.6457,35.6,87,0,4.85,NO,2021-04-27 02:48:29
220,Garden City,42.3256,-83.331,48.2,49,75,8.05,US,2021-04-27 02:48:29
221,Touros,-5.1989,-35.4608,77.0,83,20,3.44,BR,2021-04-27 02:48:29
222,Saint-Joseph,-21.3667,55.6167,75.2,78,90,17.27,RE,2021-04-27 02:48:29
223,Kadom,54.5592,42.4675,39.78,86,100,11.23,RU,2021-04-27 02:48:30
224,Cairns,-16.9167,145.7667,81.0,78,90,10.36,AU,2021-04-27 02:46:44
225,Troitskiy,57.0603,63.7481,45.48,53,13,12.55,RU,2021-04-27 02:48:30
226,Bengkulu,-3.8004,102.2655,83.98,65,25,2.55,ID,2021-04-27 02:48:30
227,Mislinja,46.4411,15.1956,39.0,90,100,1.5,SI,2021-04-27 02:48:31
228,Kaitangata,-46.2817,169.8464,48.99,67,99,8.01,NZ,2021-04-27 02:43:59
229,Khash,28.2211,61.2158,73.6,24,27,2.59,IR,2021-04-27 02:48:31
230,Doka,13.5167,35.7667,77.43,58,98,5.26,SD,2021-04-27 02:48:31
231,Severo-Kurilsk,50.6789,156.125,32.56,99,100,15.55,RU,2021-04-27 02:46:10
232,Bentiu,9.2333,29.8333,75.79,74,41,6.42,SS,2021-04-27 02:48:32
233,Jalu,29.0331,21.5482,65.89,33,1,4.63,LY,2021-04-27 02:48:32
234,Hithadhoo,-0.6,73.0833,82.56,61,6,2.73,MV,2021-04-27 02:43:34
235,Yevlax,40.6089,47.1492,60.98,61,98,21.61,AZ,2021-04-27 02:48:32
236,Grindavik,63.8424,-22.4338,42.8,93,75,2.3,IS,2021-04-27 02:45:49
237,Nagato,34.3833,131.2,68.0,45,75,10.36,JP,2021-04-27 02:48:33
238,Evensk,61.95,159.2333,24.06,80,42,3.51,RU,2021-04-27 02:48:33
239,Fare,-16.7,-151.0167,81.64,65,8,3.71,PF,2021-04-27 02:48:33
240,Kudahuvadhoo,2.6708,72.8944,82.8,73,66,4.81,MV,2021-04-27 02:47:23
241,Bambous Virieux,-20.3428,57.7575,77.0,88,75,8.05,MU,2021-04-27 02:46:25
242,Kiama,-34.6833,150.8667,73.99,61,6,4.0,AU,2021-04-27 02:48:34
243,Gushikawa,26.3544,127.8686,75.2,53,40,14.97,JP,2021-04-27 02:46:09
244,Northam,51.0333,-4.2167,44.01,90,22,3.53,GB,2021-04-27 02:48:34
245,Fortuna,40.5982,-124.1573,52.0,71,1,9.22,US,2021-04-27 02:48:35
246,Yonago,35.4333,133.3333,68.0,26,75,3.44,JP,2021-04-27 02:48:35
247,Dehloran,32.6941,47.2679,84.42,20,100,11.88,IR,2021-04-27 02:48:35
248,Tommot,58.9564,126.2925,36.39,96,100,10.22,RU,2021-04-27 02:48:35
249,Mortka,59.3322,66.0214,42.19,61,63,12.28,RU,2021-04-27 02:48:36
250,Hailar,49.2,119.7,44.26,38,100,25.9,CN,2021-04-27 02:47:05
251,Komsomolskiy,40.4272,71.7189,71.6,30,0,2.3,UZ,2021-04-27 02:48:36
252,Araouane,18.9048,-3.5265,87.06,15,23,8.97,ML,2021-04-27 02:48:37
253,Caucasia,7.9865,-75.1935,76.39,91,100,7.83,CO,2021-04-27 02:48:37
254,Panzhihua,26.5851,101.7128,82.04,33,0,1.81,CN,2021-04-27 02:48:37
255,Nanortalik,60.1432,-45.2371,34.16,93,74,10.2,GL,2021-04-27 02:48:37
256,Vila Velha,-20.3297,-40.2925,75.2,94,20,2.3,BR,2021-04-27 02:48:38
257,Autazes,-3.5797,-59.1306,72.54,98,100,0.87,BR,2021-04-27 02:48:38
258,Geraldton,-28.7667,114.6,82.4,26,22,4.61,AU,2021-04-27 02:48:38
259,Kutum,14.2,24.6667,70.83,15,99,7.85,SD,2021-04-27 02:48:39
260,Arlit,18.7369,7.3853,86.63,11,49,7.47,NE,2021-04-27 02:48:39
261,Matola,-25.9622,32.4589,70.0,94,0,4.61,MZ,2021-04-27 02:48:39
262,La Rioja,42.25,-2.5,53.6,94,40,1.95,ES,2021-04-27 02:48:39
263,Marfino,55.7028,37.3822,37.0,80,0,4.47,RU,2021-04-27 02:48:40
264,Coahuayana,18.7333,-103.6833,72.81,79,87,1.3,MX,2021-04-27 02:45:44
265,Trincomalee,8.5711,81.2335,82.33,73,14,3.15,LK,2021-04-27 02:48:40
266,Itacoatiara,-3.1431,-58.4442,73.47,97,100,0.89,BR,2021-04-27 02:43:46
267,Gympie,-26.1898,152.665,73.0,67,54,3.0,AU,2021-04-27 02:45:30
268,Paungde,18.4833,95.5,91.02,47,26,7.54,MM,2021-04-27 02:48:41
269,Camacha,33.0833,-16.3333,62.6,82,40,11.5,PT,2021-04-27 02:48:41
270,Kahama,-3.8333,32.6,62.2,97,95,0.47,TZ,2021-04-27 02:48:41
271,Provideniya,64.3833,-173.3,39.2,65,0,4.47,RU,2021-04-27 02:48:41
272,Puerto Escondido,15.85,-97.0667,82.08,76,23,6.6,MX,2021-04-27 02:46:14
273,Kirakira,-10.4544,161.9205,85.12,68,33,1.41,SB,2021-04-27 02:48:42
274,Mago,53.2514,140.1822,49.3,55,81,2.71,RU,2021-04-27 02:48:42
275,Tahe,52.3333,124.7333,60.48,22,35,14.85,CN,2021-04-27 02:48:42
276,Uthal,25.8072,66.6219,85.91,38,5,4.27,PK,2021-04-27 02:48:43
277,Katsuura,35.1333,140.3,63.0,55,20,6.91,JP,2021-04-27 02:48:43
278,Mugur-Aksy,50.35,90.5,33.58,39,100,4.27,RU,2021-04-27 02:48:43
279,Norman Wells,65.282,-126.8329,17.6,35,75,3.44,CA,2021-04-27 02:48:44
280,Qiryat Gat,31.61,34.7642,61.0,100,82,5.93,IL,2021-04-27 02:47:04
281,Cabedelo,-6.9811,-34.8339,75.2,94,20,3.44,BR,2021-04-27 02:48:44
282,Kuri,37.5986,127.1394,64.4,51,75,1.14,KR,2021-04-27 02:48:44
283,Codrington,-38.2667,141.9667,62.1,58,90,5.75,AU,2021-04-27 02:48:45
284,Sakaiminato,35.55,133.2333,68.0,26,75,3.44,JP,2021-04-27 02:48:45
285,Bandarbeyla,9.4942,50.8122,82.47,73,43,5.03,SO,2021-04-27 02:48:45
286,Marsh Harbour,26.5412,-77.0636,73.85,72,7,20.54,BS,2021-04-27 02:48:07
287,Ossora,59.2353,163.0719,32.61,98,100,4.54,RU,2021-04-27 02:48:46
288,Naze,28.3667,129.4833,73.4,53,20,10.36,JP,2021-04-27 02:48:46
289,Talara,-4.5772,-81.2719,70.65,81,94,12.53,PE,2021-04-27 02:48:46
290,Bandar-E Lengeh,26.5579,54.8807,73.4,100,47,4.61,IR,2021-04-27 02:48:47
291,Nalut,30.3333,10.85,76.12,23,3,12.03,LY,2021-04-27 02:48:47
292,Flinders,-34.5833,150.8552,73.99,61,5,4.0,AU,2021-04-27 02:48:47
293,Rocha,-34.4833,-54.3333,51.31,85,0,5.23,UY,2021-04-27 02:48:47
294,East London,-33.0153,27.9116,67.6,75,74,9.93,ZA,2021-04-27 02:46:09
295,Colomi,-17.35,-65.8667,60.8,55,30,9.22,BO,2021-04-27 02:48:48
296,Nathdwara,24.9333,73.8167,77.0,31,0,12.3,IN,2021-04-27 02:48:48
297,Klaksvik,62.2266,-6.589,37.4,87,20,17.27,FO,2021-04-27 02:48:48
298,Port Hardy,50.6996,-127.4199,51.8,87,75,3.44,CA,2021-04-27 02:45:14
299,Jaicos,-7.3592,-41.1378,73.69,73,65,4.52,BR,2021-04-27 02:48:49
300,Isla Vista,34.4133,-119.861,62.6,42,20,8.05,US,2021-04-27 02:48:49
301,Dovers,12.8833,-61.1833,79.23,71,100,17.54,VC,2021-04-27 02:48:49
302,Coronado,32.6859,-117.1831,60.01,72,75,10.36,US,2021-04-27 02:46:12
303,Itarema,-2.9248,-39.9167,77.34,82,74,8.88,BR,2021-04-27 02:48:50
304,Buala,-8.145,159.5921,81.07,76,100,3.18,SB,2021-04-27 02:48:50
305,Waipawa,-41.4122,175.5153,54.0,76,75,20.71,NZ,2021-04-27 02:48:50
306,Korba,22.35,82.6833,94.68,6,87,2.89,IN,2021-04-27 02:48:51
307,Le Port,-20.9373,55.2919,75.2,78,90,18.41,RE,2021-04-27 02:48:51
308,Talnakh,69.4865,88.3972,18.63,76,70,10.98,RU,2021-04-27 02:48:51
309,Isangel,-19.55,169.2667,77.45,74,90,16.24,VU,2021-04-27 02:48:51
310,Panguna,-6.3164,155.4848,79.5,75,91,1.23,PG,2021-04-27 02:48:52
311,Bhag,29.0415,67.8239,91.51,13,5,4.12,PK,2021-04-27 02:48:52
312,Oskemen,49.9565,82.6119,55.4,30,90,6.85,KZ,2021-04-27 02:48:52
313,Sibu,2.3,111.8167,87.8,70,40,2.3,MY,2021-04-27 02:48:53
314,Lucea,18.451,-78.1736,78.8,78,20,2.3,JM,2021-04-27 02:48:53
315,Sola,-13.8833,167.55,81.45,75,93,11.9,VU,2021-04-27 02:48:53
316,Sembe,1.6481,14.5806,72.21,92,100,1.41,CG,2021-04-27 02:48:54
317,Yulara,-25.2406,130.9889,75.2,23,0,16.11,AU,2021-04-27 02:48:54
318,Alice Springs,-23.7,133.8833,73.99,23,0,16.11,AU,2021-04-27 02:48:54
319,Valparaiso,-33.0393,-71.6273,55.0,84,0,3.18,CL,2021-04-27 02:48:54
320,Salinopolis,-0.6136,-47.3561,78.73,85,93,7.78,BR,2021-04-27 02:48:55
321,Adrar,20.5022,-10.0711,78.49,22,8,10.18,MR,2021-04-27 02:48:55
322,Tessalit,20.1986,1.0114,86.09,9,40,7.99,ML,2021-04-27 02:48:55
323,Douglas,41.3,-96.167,80.6,39,1,8.05,US,2021-04-27 02:48:56
324,Gariaband,20.635,82.0614,82.4,44,40,4.61,IN,2021-04-27 02:48:56
325,Brenham,30.1669,-96.3977,73.4,73,1,8.05,US,2021-04-27 02:48:56
326,Moroni,-11.7022,43.2551,78.51,75,90,3.38,KM,2021-04-27 02:48:56
327,Bathsheba,13.2167,-59.5167,78.8,65,40,14.97,BB,2021-04-27 02:48:57
328,Gwadar,25.1216,62.3254,82.49,67,0,6.67,PK,2021-04-27 02:44:21
329,Galveston,29.3669,-94.9669,73.99,78,1,13.8,US,2021-04-27 02:46:04
330,San Jose,37.3394,-121.895,55.0,57,86,1.99,US,2021-04-27 02:44:40
331,Semirom,31.4167,51.5667,53.76,50,95,0.87,IR,2021-04-27 02:48:57
332,Mana,5.6592,-53.7767,76.96,89,100,9.66,GF,2021-04-27 02:48:57
333,Luderitz,-26.6481,15.1594,59.27,82,34,8.03,NA,2021-04-27 02:48:58
334,Dakar,14.6937,-17.4441,68.0,88,1,18.41,SN,2021-04-27 02:46:02
335,Hambantota,6.1241,81.1185,82.4,94,20,2.3,LK,2021-04-27 02:48:58
336,Pemba,-12.974,40.5178,73.4,100,20,6.91,MZ,2021-04-27 02:48:58
337,Haines Junction,60.7522,-137.5108,51.8,25,26,9.22,CA,2021-04-27 02:48:59
338,Longyearbyen,78.2186,15.6401,19.4,63,40,16.11,SJ,2021-04-27 02:48:59
339,San Agustin,20.5333,-103.4667,80.6,22,40,8.05,MX,2021-04-27 02:48:59
340,Los Llanos De Aridane,28.6585,-17.9182,66.2,77,90,4.61,ES,2021-04-27 02:49:00
341,Vyatskiye Polyany,56.226,51.0656,39.4,66,57,2.8,RU,2021-04-27 02:49:00
342,Peniche,39.3558,-9.3811,59.0,94,97,3.0,PT,2021-04-27 02:49:00
343,Sarangani,5.4033,125.4636,82.81,70,100,5.66,PH,2021-04-27 02:49:01
344,Nioro,13.35,-15.75,75.47,40,50,7.43,GM,2021-04-27 02:49:01
345,Saint Anthony,45.0205,-93.218,46.99,87,90,8.05,US,2021-04-27 02:49:01
346,Tevaitoa,-16.7833,-151.5,81.16,70,13,7.29,PF,2021-04-27 02:49:01
347,Kalmunai,7.4167,81.8167,83.93,70,31,8.28,LK,2021-04-27 02:49:02
348,Kaduqli,11.0167,29.7167,76.75,70,5,3.65,SD,2021-04-27 02:49:02
349,Churapcha,62.0025,132.4325,35.65,98,100,4.0,RU,2021-04-27 02:49:02
350,Antofagasta,-23.65,-70.4,60.8,67,0,1.14,CL,2021-04-27 02:49:03
351,Porto Velho,-8.7619,-63.9039,75.2,94,20,2.53,BR,2021-04-27 02:46:10
352,Ponta Do Sol,32.6667,-17.1,57.99,77,78,3.0,PT,2021-04-27 02:49:03
353,La Montanita,1.4766,-75.4398,72.73,98,100,2.44,CO,2021-04-27 02:49:03
354,Pangkalanbuun,-2.6833,111.6167,90.25,52,54,5.17,ID,2021-04-27 02:49:04
355,Caete,-19.88,-43.6697,73.4,60,0,5.75,BR,2021-04-27 02:49:04
356,Leningradskiy,69.3833,178.4167,32.2,86,96,4.07,RU,2021-04-27 02:49:04
357,Bayir,37.2687,28.2167,44.6,87,0,5.75,TR,2021-04-27 02:49:04
358,Luan,46.3592,6.9759,51.01,71,100,1.28,CH,2021-04-27 02:49:05
359,Acarau,-2.8856,-40.12,77.54,83,78,8.41,BR,2021-04-27 02:49:05
360,Atar,20.5169,-13.0499,78.04,18,22,4.32,MR,2021-04-27 02:49:05
361,Straumen,63.8709,11.2999,36.0,93,40,3.44,NO,2021-04-27 02:49:06
362,Booue,-0.0921,11.9385,74.5,97,100,1.01,GA,2021-04-27 02:49:06
363,Golspie,57.9727,-3.978,46.0,93,100,7.0,GB,2021-04-27 02:49:06
364,Faanui,-16.4833,-151.75,81.36,68,49,5.91,PF,2021-04-27 02:49:07
365,Waldoboro,44.0954,-69.3756,39.99,60,1,9.22,US,2021-04-27 02:49:07
366,Boyabat,41.4689,34.7667,38.75,89,3,0.72,TR,2021-04-27 02:49:07
367,Sindhnur,15.7833,76.7667,90.34,30,54,12.77,IN,2021-04-27 02:49:07
368,Quatre Cocos,-20.2078,57.7625,77.0,88,75,8.05,MU,2021-04-27 02:49:08
369,Neverkino,52.7854,46.7417,43.2,71,100,1.5,RU,2021-04-27 02:49:08
370,Aguimes,27.9054,-15.4461,66.2,82,75,8.05,ES,2021-04-27 02:49:08
371,Abancay,-13.6339,-72.8814,56.41,95,83,0.6,PE,2021-04-27 02:49:09
372,Narsaq,60.9167,-46.05,35.6,93,75,5.75,GL,2021-04-27 02:49:09
373,Bakaly,55.1789,53.8028,41.9,54,100,1.7,RU,2021-04-27 02:49:09
374,Callaway,30.153,-85.5699,69.01,88,1,4.61,US,2021-04-27 02:49:10
375,Viedma,-40.8135,-62.9967,57.25,53,0,10.02,AR,2021-04-27 02:49:10
376,Koslan,63.4564,48.8989,37.78,96,100,5.03,RU,2021-04-27 02:49:10
377,Tahta,26.7693,31.5021,64.4,42,0,5.75,EG,2021-04-27 02:49:11
378,Palu,-0.8917,119.8707,88.72,64,44,3.06,ID,2021-04-27 02:49:11
379,Havelock,34.8791,-76.9013,60.01,88,1,4.88,US,2021-04-27 02:49:11
380,Barabinsk,55.3571,78.357,49.23,54,100,8.12,RU,2021-04-27 02:49:11
381,Xichang,27.8964,102.2634,73.4,41,78,0.72,CN,2021-04-27 02:49:12
382,Muroto,33.2833,134.15,64.4,59,75,2.3,JP,2021-04-27 02:49:12
383,Bada,51.392,109.8717,34.25,80,65,16.89,RU,2021-04-27 02:49:12
384,Darhan,49.4867,105.9228,46.08,35,86,17.31,MN,2021-04-27 02:49:12
385,Jawhar,2.7809,45.5005,78.4,82,80,5.41,SO,2021-04-27 02:49:13
386,Pinheiro Machado,-31.5783,-53.3811,52.0,83,0,10.0,BR,2021-04-27 02:49:13
387,Khandyga,62.6667,135.6,34.65,100,100,3.87,RU,2021-04-27 02:49:13
388,Paldiski,59.3567,24.0531,37.4,87,90,3.44,EE,2021-04-27 02:49:14
389,Sztum,53.9208,19.0307,37.0,84,88,4.0,PL,2021-04-27 02:49:14
390,Santa Cruz,-17.8,-63.1667,62.6,82,0,4.61,BO,2021-04-27 02:49:14
391,Nizhnyaya Poyma,56.1622,97.1933,37.11,97,100,3.2,RU,2021-04-27 02:49:15
392,Kokopo,-4.352,152.2633,83.08,72,49,5.01,PG,2021-04-27 02:49:15
393,Douentza,14.9951,-2.9517,85.86,25,16,4.72,ML,2021-04-27 02:49:15
394,Bahraich,27.5833,81.6,92.43,7,0,4.43,IN,2021-04-27 02:49:15
395,Klyuchi,52.2667,79.1667,52.79,75,100,9.15,RU,2021-04-27 02:49:16
396,Bac Lieu,9.285,105.7244,87.1,61,92,8.16,VN,2021-04-27 02:49:16
397,Bulgan,48.8125,103.5347,41.81,32,3,15.95,MN,2021-04-27 02:49:16
398,Benguela,-12.5763,13.4055,78.26,74,49,5.32,AO,2021-04-27 02:49:17
399,Kota Bahru,6.1333,102.2386,82.4,89,20,3.44,MY,2021-04-27 02:49:17
400,Avera,33.194,-82.5271,62.6,82,1,6.78,US,2021-04-27 02:49:17
401,Chapais,49.7834,-74.8492,32.0,55,75,12.66,CA,2021-04-27 02:49:18
402,Syriam,16.7722,96.2378,86.0,70,75,4.61,MM,2021-04-27 02:49:18
403,Husavik,66.0449,-17.3389,26.6,93,0,5.75,IS,2021-04-27 02:49:18
404,Srednekolymsk,67.45,153.6833,29.03,78,63,6.29,RU,2021-04-27 02:49:18
405,Bara,10.3744,10.7288,79.95,58,11,6.29,NG,2021-04-27 02:49:19
406,Victoria,22.2855,114.1577,75.0,88,100,1.01,HK,2021-04-27 02:49:19
407,Inhambane,-23.865,35.3833,71.06,90,0,5.39,MZ,2021-04-27 02:49:19
408,Madang,-5.2246,145.7966,87.15,62,54,6.13,PG,2021-04-27 02:49:20
409,Tazovskiy,67.4667,78.7,31.89,94,59,15.35,RU,2021-04-27 02:49:20
410,Chumikan,54.7183,135.315,34.39,86,100,10.0,RU,2021-04-27 02:49:20
411,Beyneu,45.3167,55.2,72.88,39,100,7.61,KZ,2021-04-27 02:49:20
412,Asosa,10.0667,34.5333,63.09,77,100,4.47,ET,2021-04-27 02:49:21
413,Upernavik,72.7868,-56.1549,32.0,73,100,4.23,GL,2021-04-27 02:49:21
414,Bilma,18.6853,12.9164,83.5,12,0,8.12,NE,2021-04-27 02:49:21
415,Ormara,25.2088,64.6357,81.1,75,3,9.48,PK,2021-04-27 02:49:22
416,Sao Jose Da Coroa Grande,-8.8978,-35.1478,77.52,81,46,5.08,BR,2021-04-27 02:49:22
417,Tabou,4.423,-7.3528,79.59,85,46,6.15,CI,2021-04-27 02:49:22
418,Arawa,-6.2132,155.5367,85.84,73,88,1.57,PG,2021-04-27 02:49:22
419,Sabha,27.0377,14.4283,77.5,18,98,12.86,LY,2021-04-27 02:47:47
420,Selkirk,50.1436,-96.8845,46.4,61,100,1.14,CA,2021-04-27 02:49:23
421,Usinsk,65.9939,57.5281,34.65,99,100,9.57,RU,2021-04-27 02:49:23
422,Neijiang,29.5835,105.0622,73.76,56,73,1.43,CN,2021-04-27 02:49:23
423,Nyuksenitsa,60.4128,44.2397,35.46,97,100,6.58,RU,2021-04-27 02:49:24
424,Villarrica,-25.75,-56.4333,52.68,86,0,4.9,PY,2021-04-27 02:49:24
425,Shillong,25.5689,91.8831,78.8,65,40,3.44,IN,2021-04-27 02:49:24
426,Dingle,10.9995,122.6711,87.75,54,36,10.6,PH,2021-04-27 02:47:32
427,Zeya,53.75,127.2667,44.11,86,100,8.97,RU,2021-04-27 02:49:25
428,Sayyan,15.1718,44.3244,53.01,83,100,1.34,YE,2021-04-27 02:49:25
429,Merauke,-8.4667,140.3333,85.95,66,100,2.77,ID,2021-04-27 02:49:25
430,Maniitsoq,65.4167,-52.9,32.54,94,100,12.1,GL,2021-04-27 02:49:26
431,Dabhol,17.6,73.1667,85.03,62,3,1.72,IN,2021-04-27 02:49:26
432,Mandan,46.8267,-100.8896,48.2,100,90,1.14,US,2021-04-27 02:49:26
433,Talaya,61.3833,152.75,23.97,55,6,3.04,RU,2021-04-27 02:49:27
434,Trinidad,-14.8333,-64.9,65.32,80,63,3.98,BO,2021-04-27 02:49:27
435,Wuwei,37.9281,102.6414,46.6,22,100,3.56,CN,2021-04-27 02:49:27
436,Mucurapo,10.6667,-61.5333,78.01,83,75,4.61,TT,2021-04-27 02:49:27
437,Padang,-0.9492,100.3543,84.2,74,40,3.44,ID,2021-04-27 02:49:28
438,Hirara,24.8,125.2833,77.0,57,40,13.8,JP,2021-04-27 02:49:28
439,Vostok,46.4856,135.8833,59.99,25,100,5.64,RU,2021-04-27 02:48:12
440,Bossangoa,6.4926,17.4552,73.83,69,7,3.44,CF,2021-04-27 02:49:28
441,Treinta Y Tres,-33.2333,-54.3833,49.64,90,0,5.7,UY,2021-04-27 02:49:29
442,Temyasovo,52.9933,58.1014,37.4,65,20,6.71,RU,2021-04-27 02:49:29
443,Manitouwadge,49.1215,-85.8403,32.0,93,100,1.14,CA,2021-04-27 02:49:30
444,Helena,46.5927,-112.0361,51.8,35,1,11.5,US,2021-04-27 02:45:40
445,Starodub,52.5844,32.7633,31.33,77,98,7.18,RU,2021-04-27 02:49:30
446,Pochutla,15.7432,-96.4661,82.99,78,8,5.48,MX,2021-04-27 02:49:30
447,Dunn,44.95,-91.8835,43.0,81,1,6.91,US,2021-04-27 02:49:31
448,Tabuk,17.4189,121.4443,83.3,59,99,1.68,PH,2021-04-27 02:49:31
449,Ouro Preto Do Oeste,-10.7481,-62.2158,70.5,98,13,4.07,BR,2021-04-27 02:49:31
450,Magole,-6.3667,37.3667,71.6,100,75,0.89,TZ,2021-04-27 02:49:31
451,Sinjar,36.3209,41.8754,64.08,40,68,7.09,IQ,2021-04-27 02:49:32
452,Plymouth,41.8334,-70.8328,48.2,37,1,10.36,US,2021-04-27 02:47:48
453,Calvinia,-31.4707,19.776,52.63,89,100,10.63,ZA,2021-04-27 02:49:32
454,Svetlogorsk,52.6333,29.7333,29.17,89,52,6.78,BY,2021-04-27 02:49:32
455,Ambilobe,-13.2,49.05,69.82,93,12,3.2,MG,2021-04-27 02:49:33
456,Celestun,20.8667,-90.4,81.32,73,0,15.23,MX,2021-04-27 02:49:33
457,Patnos,39.2336,42.8634,49.59,80,3,0.63,TR,2021-04-27 02:49:33
458,Yeniseysk,58.4497,92.1703,41.45,87,84,9.89,RU,2021-04-27 02:49:33
459,Farah,32.5,62.5,75.9,17,26,5.35,AF,2021-04-27 02:45:44
460,Orahovac,42.3994,20.6547,48.99,76,75,2.3,XK,2021-04-27 02:49:34
461,Tilichiki,60.4667,166.1,31.08,99,100,1.41,RU,2021-04-27 02:49:34
462,Serenje,-13.2325,30.2352,62.04,85,82,5.37,ZM,2021-04-27 02:49:34
463,Puteyets,65.1716,57.091,38.71,84,100,4.65,RU,2021-04-27 02:49:35
464,Nova Esperanca,4.438,-61.1151,68.76,96,100,2.91,BR,2021-04-27 02:49:35
465,Atasu,48.6814,71.6433,61.75,30,93,10.29,KZ,2021-04-27 02:49:35
466,Yaan,7.3833,8.5667,77.5,75,100,7.92,NG,2021-04-27 02:49:35
467,Omboue,-1.5746,9.2618,77.7,90,100,4.83,GA,2021-04-27 02:49:36
468,Bereda,43.2686,-7.5406,51.01,100,82,5.01,ES,2021-04-27 02:49:36
469,Havoysund,70.9963,24.6622,24.8,93,40,3.44,NO,2021-04-27 02:49:36
470,Malpe,13.35,74.7167,82.4,78,20,3.44,IN,2021-04-27 02:47:47
471,Mareeba,-17.0,145.4333,81.0,78,90,10.36,AU,2021-04-27 02:46:58
472,Arenapolis,-14.4503,-56.8461,68.77,91,27,1.63,BR,2021-04-27 02:49:37
473,Salmas,38.1973,44.7653,53.6,71,40,9.22,IR,2021-04-27 02:49:37
474,Kijang,35.2442,129.2139,66.2,39,0,4.61,KR,2021-04-27 02:49:37
475,Hualmay,-11.0964,-77.6139,65.53,91,6,9.69,PE,2021-04-27 02:48:04
476,Anandnagar,27.1,83.2833,92.41,8,0,1.28,IN,2021-04-27 02:49:38
477,Aswan,24.0934,32.907,72.27,31,0,10.54,EG,2021-04-27 02:49:38
478,Navahrudak,53.6,25.8333,25.9,95,40,6.49,BY,2021-04-27 02:49:38
479,Ryde,50.73,-1.1621,35.01,89,62,5.59,GB,2021-04-27 02:49:39
480,Algiers,36.7525,3.042,60.8,77,40,6.91,DZ,2021-04-27 02:49:28
481,Wuhan,30.5833,114.2667,64.4,88,100,4.47,CN,2021-04-27 02:49:39
482,Galle,6.0367,80.217,83.17,76,88,3.44,LK,2021-04-27 02:49:39
483,Takoradi,4.8845,-1.7554,80.38,87,100,7.2,GH,2021-04-27 02:49:40
484,Brae,60.3964,-1.353,42.8,87,100,10.36,GB,2021-04-27 02:49:40
485,Mwinilunga,-11.7358,24.4293,60.12,95,92,1.16,ZM,2021-04-27 02:49:40
486,Winnemucca,40.973,-117.7357,44.6,53,75,14.97,US,2021-04-27 02:49:41
487,Kendari,-3.945,122.4989,83.34,75,29,3.13,ID,2021-04-27 02:49:41
488,Kingman,35.1894,-114.053,48.2,87,90,3.44,US,2021-04-27 02:46:00
489,Moses Lake,47.1301,-119.2781,66.2,26,1,5.75,US,2021-04-27 02:49:41
490,Terney,45.0503,136.6092,52.18,46,60,5.93,RU,2021-04-27 02:49:42
491,Raymond,43.9015,-70.4703,39.99,64,1,1.99,US,2021-04-27 02:49:42
492,Guerrero Negro,27.9769,-114.0611,59.76,74,100,17.47,MX,2021-04-27 02:49:42
493,Necochea,-38.5473,-58.7368,52.74,83,0,7.54,AR,2021-04-27 02:49:43
494,Hillsborough,37.5741,-122.3794,53.6,76,1,14.97,US,2021-04-27 02:49:43
495,Novorzhev,57.0294,29.3338,33.51,96,100,6.26,RU,2021-04-27 02:49:43
496,Udachnyy,66.4167,112.4,17.67,81,93,15.55,RU,2021-04-27 02:49:44
497,Bagacay,12.9821,124.1415,79.18,80,90,11.95,PH,2021-04-27 02:49:44
498,Tocopilla,-22.092,-70.1979,66.45,62,7,0.78,CL,2021-04-27 02:49:44
499,Kazachinskoye,57.6953,93.2761,42.17,89,99,7.78,RU,2021-04-27 02:49:44
500,George,-33.963,22.4617,55.4,94,0,4.61,ZA,2021-04-27 02:49:45
501,Half Moon Bay,37.4636,-122.4286,53.6,76,1,14.97,US,2021-04-27 02:48:47
502,Bukoba,-1.3317,31.8122,64.4,88,20,4.21,TZ,2021-04-27 02:49:45
503,Kangaatsiaq,68.3065,-53.4641,31.89,98,100,16.62,GL,2021-04-27 02:49:46
504,Salalah,17.0151,54.0924,80.6,74,20,2.3,OM,2021-04-27 02:49:46
505,Dwarka,22.2394,68.9678,82.31,67,0,9.95,IN,2021-04-27 02:49:46
506,Nayoro,44.3506,142.4578,51.73,55,6,13.06,JP,2021-04-27 02:49:47
507,Bani,18.2833,-70.3333,77.0,87,50,4.0,DO,2021-04-27 02:49:47
508,Aden,12.7794,45.0367,80.74,74,100,3.85,YE,2021-04-27 02:49:47
509,Margate,51.3813,1.3862,43.0,81,100,1.01,GB,2021-04-27 02:49:47
510,Nueva Gerona,21.8833,-82.8,81.84,68,33,11.81,CU,2021-04-27 02:49:48
511,Acapulco,16.8634,-99.8901,82.4,69,75,12.66,MX,2021-04-27 02:48:48
512,Neiafu,-18.65,-173.9833,78.8,89,75,11.5,TO,2021-04-27 02:49:48
513,Tual,-5.6667,132.75,83.12,57,17,1.97,ID,2021-04-27 02:49:48
514,Anderson,34.5334,-82.6499,62.6,67,1,4.23,US,2021-04-27 02:49:49
515,Dhidhdhoo,6.8833,73.1,84.85,70,18,6.8,MV,2021-04-27 02:49:49
516,Chimbote,-9.0853,-78.5783,65.25,91,23,7.45,PE,2021-04-27 02:49:49
517,Yekaterinoslavka,50.3734,129.1139,56.52,42,100,16.78,RU,2021-04-27 02:49:50
518,Mus,39.0,41.75,47.61,91,1,4.43,TR,2021-04-27 02:49:50
519,Miranda,3.2499,-76.2281,69.8,94,75,0.65,CO,2021-04-27 02:49:50
520,Praia Da Vitoria,38.7333,-27.0667,60.8,77,75,7.43,PT,2021-04-27 02:49:50
521,Nome,64.5011,-165.4064,42.8,61,1,11.5,US,2021-04-27 02:46:05
522,Sulangan,11.1373,123.7228,81.32,67,22,7.54,PH,2021-04-27 02:49:51
523,Trelew,-43.249,-65.3051,62.56,37,72,5.39,AR,2021-04-27 02:49:51
524,Mingaora,34.7758,72.3625,74.79,35,61,6.31,PK,2021-04-27 02:49:51
525,Raudeberg,61.9875,5.1352,37.99,73,100,7.27,NO,2021-04-27 02:49:52
526,Tres Lagoas,-20.7511,-51.6783,66.72,78,7,5.57,BR,2021-04-27 02:47:36
527,Berlevag,70.8578,29.0864,26.6,68,40,8.05,NO,2021-04-27 02:45:44
528,Sterling,39.0062,-77.4286,53.01,62,1,3.44,US,2021-04-27 02:48:44
529,Olinda,-8.0089,-34.8553,78.8,69,40,6.91,BR,2021-04-27 02:49:52
530,Plastun,44.7561,136.2939,55.06,37,46,6.73,RU,2021-04-27 02:49:53
531,Wentzville,38.8114,-90.8529,72.0,58,100,4.0,US,2021-04-27 02:49:53
532,Elizabeth City,36.2946,-76.2511,57.0,58,1,4.61,US,2021-04-27 02:49:53
533,Kizukuri,40.8061,140.3861,59.0,33,20,6.91,JP,2021-04-27 02:49:54
534,Peleduy,59.6289,112.7406,25.09,68,100,7.72,RU,2021-04-27 02:49:54
535,Tukrah,32.5341,20.5791,61.56,56,24,6.4,LY,2021-04-27 02:49:54
536,Estelle,29.8458,-90.1067,71.6,88,75,8.05,US,2021-04-27 02:49:54
537,Lusambo,-4.9667,23.45,69.94,97,77,2.21,CD,2021-04-27 02:49:55
538,Sioux Lookout,50.1001,-91.917,35.6,75,90,6.91,CA,2021-04-27 02:49:55
