City_ID,City,Country,Date,Lat,Lng,Max Temp,Humidity,Cloudiness,Wind Speed,Current Description
0,Cape Town,ZA,2021-05-11 06:52:59,-33.9258,18.4232,60.01,94,0,2.3,fog
1,Mar Del Plata,AR,2021-05-11 06:49:11,-38.0023,-57.5575,46.99,80,6,3.0,clear sky
2,Mazatlan,MX,2021-05-11 06:53:13,23.2167,-106.4167,79.0,88,90,2.73,overcast clouds
3,Bonavista,CA,2021-05-11 06:53:14,48.6499,-53.1147,41.0,87,100,9.22,overcast clouds
4,Port Alfred,ZA,2021-05-11 06:53:14,-33.5906,26.891,65.1,72,3,8.88,clear sky
5,Matagami,CA,2021-05-11 06:53:15,49.7502,-77.6328,32.0,100,90,12.66,mist
6,Itaueira,BR,2021-05-11 06:53:15,-7.6033,-43.0256,75.79,67,100,11.7,overcast clouds
7,Saskylakh,RU,2021-05-11 06:53:15,71.9167,114.0833,20.88,84,6,1.92,clear sky
8,Scottsbluff,US,2021-05-11 06:48:22,41.8666,-103.6672,41.0,88,90,4.61,overcast clouds
9,Port Elizabeth,ZA,2021-05-11 06:50:00,-33.918,25.5701,60.8,88,75,5.75,broken clouds
10,Faya,SA,2021-05-11 06:53:16,18.3851,42.4509,77.0,27,0,3.44,clear sky
11,Acapulco,MX,2021-05-11 06:53:16,16.8634,-99.8901,80.76,77,67,1.68,broken clouds
12,Carnarvon,AU,2021-05-11 06:53:16,-24.8667,113.6333,84.2,42,7,8.05,clear sky
13,Ratnagiri,IN,2021-05-11 06:53:17,16.9833,73.3,90.25,57,86,12.71,overcast clouds
14,New Norfolk,AU,2021-05-11 06:53:17,-42.7826,147.0587,48.99,69,12,2.26,few clouds
15,Ponta Do Sol,PT,2021-05-11 06:53:17,32.6667,-17.1,57.0,56,0,5.01,clear sky
16,Sorland,NO,2021-05-11 06:53:18,67.667,12.6934,42.8,81,75,28.77,light rain
17,Hermanus,ZA,2021-05-11 06:53:18,-34.4187,19.2345,57.99,96,0,3.0,clear sky
18,Airai,TL,2021-05-11 06:53:18,-8.9266,125.4092,70.29,55,100,3.31,overcast clouds
19,Albany,US,2021-05-11 06:48:21,42.6001,-73.9662,46.0,81,100,6.85,overcast clouds
20,Hilo,US,2021-05-11 06:53:19,19.7297,-155.09,73.4,83,90,3.44,heavy intensity rain
21,Butaritari,KI,2021-05-11 06:53:19,3.0707,172.7902,81.43,80,70,14.2,moderate rain
22,Busselton,AU,2021-05-11 06:53:19,-33.65,115.3333,75.99,58,89,5.99,overcast clouds
23,Namibe,AO,2021-05-11 06:53:20,-15.1961,12.1522,76.71,66,6,7.11,clear sky
24,Kavaratti,IN,2021-05-11 06:53:20,10.5669,72.642,85.8,68,63,3.27,broken clouds
25,Narsaq,GL,2021-05-11 06:53:20,60.9167,-46.05,37.4,60,90,1.14,overcast clouds
26,Iqaluit,CA,2021-05-11 06:53:20,63.7506,-68.5145,24.8,80,75,17.27,light snow
27,Punta Arenas,CL,2021-05-11 06:53:21,-53.15,-70.9167,44.6,70,40,10.36,scattered clouds
28,Codrington,AU,2021-05-11 06:53:21,-38.2667,141.9667,54.05,77,100,13.71,overcast clouds
29,Constitucion,CL,2021-05-11 06:53:21,-35.3333,-72.4167,52.18,61,5,4.59,clear sky
30,Naze,JP,2021-05-11 06:53:22,28.3667,129.4833,77.0,94,75,12.66,broken clouds
31,Pennsville,US,2021-05-11 06:53:22,39.6535,-75.5166,51.8,54,1,4.61,clear sky
32,Cabo San Lucas,MX,2021-05-11 06:51:09,22.8909,-109.9124,82.0,76,100,1.99,overcast clouds
33,Cidreira,BR,2021-05-11 06:53:22,-30.1811,-50.2056,62.71,91,100,11.1,heavy intensity rain
34,Saint-Philippe,RE,2021-05-11 06:53:23,-21.3585,55.7679,80.6,65,0,8.05,clear sky
35,Fuyu,CN,2021-05-11 06:53:23,45.1833,124.8167,74.41,18,100,21.18,overcast clouds
36,Leh,IN,2021-05-11 06:53:23,34.1667,77.5833,53.56,37,69,4.81,broken clouds
37,Tigil,RU,2021-05-11 06:53:24,57.8,158.6667,43.5,57,71,13.13,broken clouds
38,Komsomolskiy,UZ,2021-05-11 06:53:24,40.4272,71.7189,73.4,38,100,13.8,overcast clouds
39,Upernavik,GL,2021-05-11 06:53:24,72.7868,-56.1549,12.49,91,12,5.08,few clouds
40,Olga,RU,2021-05-11 06:53:25,43.7444,135.2892,44.33,88,99,4.72,overcast clouds
41,Ilulissat,GL,2021-05-11 06:53:25,69.2167,-51.1,32.0,80,75,6.91,light snow
42,Lebu,CL,2021-05-11 06:53:25,-37.6167,-73.65,48.9,69,23,4.9,few clouds
43,Ushuaia,AR,2021-05-11 06:50:03,-54.8,-68.3,50.0,53,20,13.8,few clouds
44,Winnemucca,US,2021-05-11 06:53:26,40.973,-117.7357,50.0,27,1,10.36,clear sky
45,Birao,CF,2021-05-11 06:53:26,10.2849,22.7882,86.97,46,78,3.22,broken clouds
46,Vaini,TO,2021-05-11 06:53:26,-21.2,-175.2,75.2,78,75,8.05,broken clouds
47,Avarua,CK,2021-05-11 06:53:27,-21.2078,-159.775,77.0,83,75,5.75,light rain
48,Sao Joao Da Barra,BR,2021-05-11 06:53:21,-21.6403,-41.0511,63.91,74,0,3.04,clear sky
49,Kapaa,US,2021-05-11 06:53:27,22.0752,-159.319,75.2,83,20,14.97,few clouds
50,East London,ZA,2021-05-11 06:53:27,-33.0153,27.9116,59.0,88,0,4.61,clear sky
51,Guerrero Negro,MX,2021-05-11 06:53:28,27.9769,-114.0611,59.09,84,0,8.66,clear sky
52,Beruwala,LK,2021-05-11 06:53:28,6.4788,79.9828,87.87,63,100,8.5,overcast clouds
53,Lata,PT,2021-05-11 06:53:28,40.1629,-8.3327,57.0,91,63,1.01,broken clouds
54,Mataura,NZ,2021-05-11 06:53:29,-46.1927,168.8643,44.01,90,100,7.0,overcast clouds
55,Champerico,GT,2021-05-11 06:53:29,14.3,-91.9167,68.0,96,98,7.34,overcast clouds
56,Luderitz,NA,2021-05-11 06:53:29,-26.6481,15.1594,73.11,34,0,3.89,clear sky
57,Dingle,PH,2021-05-11 06:53:29,10.9995,122.6711,90.3,56,65,11.48,light rain
58,Rio Gallegos,AR,2021-05-11 06:53:30,-51.6226,-69.2181,46.4,46,0,8.05,clear sky
59,Chokurdakh,RU,2021-05-11 06:53:30,70.6333,147.9167,26.35,87,100,7.61,overcast clouds
60,Tura,IN,2021-05-11 06:53:30,25.5198,90.2201,80.31,74,31,3.85,moderate rain
61,Barcelos,PT,2021-05-11 06:53:31,41.5388,-8.6151,53.6,76,40,5.75,scattered clouds
62,Hobyo,SO,2021-05-11 06:53:31,5.3505,48.5268,82.15,68,100,11.43,overcast clouds
63,Te Anau,NZ,2021-05-11 06:53:31,-45.4167,167.7167,40.05,97,100,3.89,overcast clouds
64,Ossora,RU,2021-05-11 06:53:32,59.2353,163.0719,34.84,83,32,2.15,scattered clouds
65,Florianopolis,BR,2021-05-11 06:53:32,-27.6146,-48.5012,70.0,88,0,11.5,clear sky
66,Hobart,AU,2021-05-11 06:53:32,-42.8794,147.3294,50.0,46,75,5.75,broken clouds
67,Port Macquarie,AU,2021-05-11 06:53:33,-31.4333,152.9167,68.0,99,100,2.73,light rain
68,Mahebourg,MU,2021-05-11 06:53:33,-20.4081,57.7,82.4,65,40,14.97,scattered clouds
69,Batsfjord,NO,2021-05-11 06:53:33,70.6345,29.7185,41.0,75,0,5.75,clear sky
70,Mayo,US,2021-05-11 06:53:33,38.8876,-76.5119,53.01,78,100,6.8,overcast clouds
71,Longyearbyen,SJ,2021-05-11 06:53:34,78.2186,15.6401,30.2,86,75,3.44,light snow
72,Barrow,US,2021-05-11 06:53:34,71.2906,-156.7887,17.6,93,90,10.36,overcast clouds
73,Kununurra,AU,2021-05-11 06:53:34,-15.7667,128.7333,93.2,22,0,13.8,clear sky
74,Bluff,NZ,2021-05-11 06:53:35,-46.6,168.3333,44.01,90,100,7.0,overcast clouds
75,Pevek,RU,2021-05-11 06:53:35,69.7008,170.3133,22.73,86,52,2.84,broken clouds
76,Aden,YE,2021-05-11 06:53:02,12.7794,45.0367,86.27,65,76,7.43,broken clouds
77,Atuona,PF,2021-05-11 06:53:35,-9.8,-139.0333,79.02,80,58,24.27,light rain
78,Santiago Del Estero,AR,2021-05-11 06:53:36,-27.7951,-64.2615,58.23,65,100,5.46,overcast clouds
79,Qaanaaq,GL,2021-05-11 06:53:36,77.484,-69.3632,15.93,89,100,7.25,overcast clouds
80,Miri,MY,2021-05-11 06:53:36,4.4148,114.0089,89.6,66,40,8.05,scattered clouds
81,Yatou,CN,2021-05-11 06:53:37,37.15,122.3833,59.95,78,100,9.98,overcast clouds
82,Dakar,SN,2021-05-11 06:53:03,14.6937,-17.4441,68.0,94,0,6.91,clear sky
83,Zlotoryja,PL,2021-05-11 06:53:37,51.1264,15.9198,71.01,43,5,12.39,clear sky
84,Takab,IR,2021-05-11 06:53:37,36.4009,47.1133,71.13,24,100,18.07,overcast clouds
85,Buritama,BR,2021-05-11 06:53:38,-21.0661,-50.1472,67.42,57,52,6.24,broken clouds
86,Carandai,BR,2021-05-11 06:52:01,-20.9536,-43.8064,48.54,94,0,0.89,clear sky
87,Upington,ZA,2021-05-11 06:53:38,-28.4478,21.2561,59.0,36,0,1.14,clear sky
88,Bethel,US,2021-05-11 06:53:38,41.3712,-73.414,46.0,87,1,5.59,clear sky
89,Kodiak,US,2021-05-11 06:52:03,57.79,-152.4072,39.2,87,90,3.44,light rain
90,Puerto Ayora,EC,2021-05-11 06:53:39,-0.7393,-90.3518,75.0,96,3,3.0,clear sky
91,Trincomalee,LK,2021-05-11 06:53:39,8.5711,81.2335,88.18,62,100,6.58,overcast clouds
92,Yellowknife,CA,2021-05-11 06:53:39,62.456,-114.3525,30.2,80,75,12.66,broken clouds
93,Makakilo City,US,2021-05-11 06:53:40,21.3469,-158.0858,77.0,73,1,4.61,clear sky
94,Hami,CN,2021-05-11 06:49:06,42.8,93.45,86.04,17,63,13.85,broken clouds
95,Antofagasta,CL,2021-05-11 06:53:40,-23.65,-70.4,59.0,88,75,5.75,broken clouds
96,Necochea,AR,2021-05-11 06:53:40,-38.5473,-58.7368,50.59,71,29,9.13,scattered clouds
97,Rikitea,PF,2021-05-11 06:53:41,-23.1203,-134.9692,78.19,75,100,26.31,overcast clouds
98,Vardo,NO,2021-05-11 06:53:41,70.3705,31.1107,42.8,61,0,4.61,clear sky
99,Mount Pleasant,US,2021-05-11 06:53:41,32.7941,-79.8626,73.4,88,40,6.96,scattered clouds
100,Kupang,ID,2021-05-11 06:53:42,-10.1667,123.5833,89.6,43,20,20.71,few clouds
101,Thunder Bay,CA,2021-05-11 06:51:27,48.4001,-89.3168,35.01,100,20,3.44,few clouds
102,Santander,ES,2021-05-11 06:53:42,43.4647,-3.8044,53.01,71,20,6.91,few clouds
103,Hasaki,JP,2021-05-11 06:53:42,35.7333,140.8333,66.99,52,75,5.75,broken clouds
104,Palmer,US,2021-05-11 06:53:43,42.1584,-72.3287,50.0,57,20,5.75,few clouds
105,San Quintin,MX,2021-05-11 06:53:43,30.4833,-115.95,58.19,83,1,4.45,clear sky
106,Benguela,AO,2021-05-11 06:53:43,-12.5763,13.4055,79.63,76,2,2.51,clear sky
107,Leningradskiy,RU,2021-05-11 06:53:44,69.3833,178.4167,24.28,89,92,4.47,overcast clouds
108,Victoria,HK,2021-05-11 06:49:01,22.2855,114.1577,89.01,62,14,10.0,few clouds
109,Mitsamiouli,KM,2021-05-11 06:53:44,-11.3847,43.2844,81.12,60,100,16.53,overcast clouds
110,Pangnirtung,CA,2021-05-11 06:53:44,66.1451,-65.7125,24.85,92,97,1.14,overcast clouds
111,Newport,GB,2021-05-11 06:53:45,51.5877,-2.9984,51.01,93,90,8.08,overcast clouds
112,Saint-Pierre,RE,2021-05-11 06:53:45,-21.3393,55.4781,80.6,65,0,8.05,clear sky
113,Henties Bay,NA,2021-05-11 06:53:45,-22.116,14.2845,76.73,28,0,14.76,clear sky
114,Yumen,CN,2021-05-11 06:53:46,40.2833,97.2,82.44,9,6,12.55,clear sky
115,Birnin Kebbi,NG,2021-05-11 06:50:02,12.4539,4.1975,88.52,39,87,7.16,overcast clouds
116,Centralia,US,2021-05-11 06:53:46,46.7162,-122.9543,48.2,93,1,2.33,clear sky
117,Georgetown,MY,2021-05-11 06:53:46,5.4112,100.3354,89.6,74,20,5.75,few clouds
118,La Ronge,CA,2021-05-11 06:53:47,55.1001,-105.2842,50.0,29,97,4.61,overcast clouds
119,Castro,BR,2021-05-11 06:53:47,-24.7911,-50.0119,52.27,74,7,2.04,clear sky
120,Booue,GA,2021-05-11 06:53:47,-0.0921,11.9385,79.3,80,82,0.56,broken clouds
121,Ostrovnoy,RU,2021-05-11 06:53:47,68.0531,39.5131,39.42,90,97,4.63,overcast clouds
122,Itanhem,BR,2021-05-11 06:53:08,-17.1664,-40.33,63.52,88,51,3.42,broken clouds
123,Atar,MR,2021-05-11 06:53:48,20.5169,-13.0499,79.0,23,0,14.07,clear sky
124,Kruisfontein,ZA,2021-05-11 06:53:48,-34.0033,24.7314,62.08,72,0,5.99,clear sky
125,Vila Velha,BR,2021-05-11 06:53:49,-20.3297,-40.2925,68.0,88,0,3.44,clear sky
126,Whitley Bay,GB,2021-05-11 06:53:49,55.0397,-1.4471,50.0,76,20,4.61,few clouds
127,Arraial Do Cabo,BR,2021-05-11 06:53:49,-22.9661,-42.0278,67.68,73,0,14.63,clear sky
128,Baiyin,CN,2021-05-11 06:53:50,36.5583,104.2081,73.4,21,40,4.47,scattered clouds
129,San Cristobal,VE,2021-05-11 06:53:50,7.7669,-72.225,63.37,94,24,3.58,few clouds
130,Boddam,GB,2021-05-11 06:53:50,57.4667,-1.7833,50.0,76,75,16.11,broken clouds
131,Santona,ES,2021-05-11 06:53:50,43.4439,-3.4576,53.01,71,20,6.91,few clouds
132,San Patricio,US,2021-05-11 06:53:51,28.017,-97.5169,82.4,100,90,5.75,moderate rain
133,Jamestown,US,2021-05-11 06:53:51,42.097,-79.2353,39.2,87,1,4.61,clear sky
134,Taoudenni,ML,2021-05-11 06:53:51,22.6783,-3.9836,87.78,13,0,6.02,clear sky
135,Copala,MX,2021-05-11 06:53:52,16.65,-98.9833,80.67,77,83,1.88,broken clouds
136,Esperance,AU,2021-05-11 06:53:52,-33.8667,121.9,68.0,68,40,13.8,scattered clouds
137,Lockport,US,2021-05-11 06:53:52,41.5895,-88.0578,44.01,75,90,4.61,overcast clouds
138,Faanui,PF,2021-05-11 06:53:52,-16.4833,-151.75,82.22,76,100,19.55,overcast clouds
139,Kampong Thum,KH,2021-05-11 06:53:53,12.7111,104.8887,96.75,42,100,5.44,overcast clouds
140,Yerofey Pavlovich,RU,2021-05-11 06:53:53,53.9667,121.9667,39.56,95,100,3.87,light rain
141,Saku,JP,2021-05-11 06:53:53,36.2167,138.4833,57.0,52,100,1.99,light rain
142,Bambous Virieux,MU,2021-05-11 06:53:54,-20.3428,57.7575,82.4,65,40,14.97,scattered clouds
143,Oranjemund,NA,2021-05-11 06:53:54,-28.55,16.4333,69.87,42,0,0.81,clear sky
144,Tasiilaq,GL,2021-05-11 06:53:54,65.6145,-37.6368,24.8,93,75,5.75,light snow
145,Ugoofaaru,MV,2021-05-11 06:53:55,5.6667,73.0,82.11,82,100,16.75,moderate rain
146,Vestmannaeyjar,IS,2021-05-11 06:53:55,63.4427,-20.2734,37.9,58,12,4.92,few clouds
147,Cherskiy,RU,2021-05-11 06:53:55,68.75,161.3,27.81,84,87,5.28,overcast clouds
148,Vanimo,PG,2021-05-11 06:53:56,-2.6741,141.3028,81.09,83,100,7.63,overcast clouds
149,Mount Isa,AU,2021-05-11 06:53:56,-20.7333,139.5,82.4,23,0,10.36,clear sky
150,Aksu,CN,2021-05-11 06:53:56,41.1231,80.2644,86.83,15,53,2.66,broken clouds
151,Hithadhoo,MV,2021-05-11 06:53:57,-0.6,73.0833,83.21,75,32,7.14,moderate rain
152,Khatanga,RU,2021-05-11 06:53:57,71.9667,102.5,31.78,86,40,11.63,scattered clouds
153,Ouesso,CG,2021-05-11 06:53:57,1.6136,16.0517,74.75,87,93,1.81,overcast clouds
154,Hanko,FI,2021-05-11 06:53:58,59.8333,22.95,44.91,93,100,20.76,overcast clouds
155,Cam Ranh,VN,2021-05-11 06:53:58,11.9214,109.1591,89.6,62,20,11.5,few clouds
156,Hambantota,LK,2021-05-11 06:53:58,6.1241,81.1185,87.8,79,75,4.61,broken clouds
157,Provideniya,RU,2021-05-11 06:53:59,64.3833,-173.3,35.6,80,90,15.66,light snow
158,Sorong,ID,2021-05-11 06:53:59,-0.8833,131.25,87.51,65,13,9.35,moderate rain
159,Ribeira Grande,PT,2021-05-11 06:53:59,38.5167,-28.7,62.6,82,75,8.05,broken clouds
160,Luxor,EG,2021-05-11 06:51:25,25.6989,32.6421,86.0,48,0,5.75,clear sky
161,Puerto Escondido,MX,2021-05-11 06:53:59,15.85,-97.0667,82.02,76,99,2.89,overcast clouds
162,Chuy,UY,2021-05-11 06:54:00,-33.6971,-53.4616,48.81,76,59,8.21,broken clouds
163,Bubaque,GW,2021-05-11 06:54:00,11.2833,-15.8333,74.79,77,70,8.32,broken clouds
164,Marshalltown,US,2021-05-11 06:54:00,42.0494,-92.908,43.0,87,1,8.05,clear sky
165,Pangody,RU,2021-05-11 06:54:01,65.85,74.4859,45.95,86,100,8.57,overcast clouds
166,Rocha,UY,2021-05-11 06:54:01,-34.4833,-54.3333,46.83,73,0,7.87,clear sky
167,Samarai,PG,2021-05-11 06:54:01,-10.6167,150.6667,81.61,79,100,8.57,overcast clouds
168,Dikson,RU,2021-05-11 06:54:02,73.5069,80.5464,32.23,90,100,14.43,overcast clouds
169,Mount Gambier,AU,2021-05-11 06:54:02,-37.8333,140.7667,55.4,67,90,11.5,overcast clouds
170,Yar-Sale,RU,2021-05-11 06:54:02,66.8333,70.8333,34.07,99,100,4.76,overcast clouds
171,Mezhdurechensk,RU,2021-05-11 06:54:03,53.6942,88.0603,63.46,31,100,4.03,overcast clouds
172,Andenes,NO,2021-05-11 06:54:03,69.3143,16.1194,41.0,81,20,21.85,few clouds
173,Kloulklubed,PW,2021-05-11 06:54:03,7.0419,134.2556,86.0,74,75,9.22,broken clouds
174,Bilma,NE,2021-05-11 06:54:05,18.6853,12.9164,94.51,7,4,6.93,clear sky
175,Touros,BR,2021-05-11 06:54:05,-5.1989,-35.4608,73.4,94,0,4.61,clear sky
176,Laguna,US,2021-05-11 06:54:05,38.421,-121.4238,71.6,28,1,6.91,clear sky
177,Liberal,US,2021-05-11 06:54:06,37.0431,-100.921,46.4,93,75,14.97,broken clouds
178,Mackay,AU,2021-05-11 06:54:06,-21.15,149.2,78.01,83,39,9.22,light rain
179,Orlik,RU,2021-05-11 06:54:06,52.5178,99.825,47.32,32,50,2.46,scattered clouds
180,Cayenne,GF,2021-05-11 06:54:07,4.9333,-52.3333,79.0,100,90,1.14,moderate rain
181,Nagato,JP,2021-05-11 06:54:07,34.3833,131.2,71.6,46,90,6.91,moderate rain
182,Along,IN,2021-05-11 06:54:07,28.1667,94.7667,78.17,76,70,1.99,broken clouds
183,Vicosa Do Ceara,BR,2021-05-11 06:53:05,-3.5622,-41.0922,64.36,89,6,4.47,clear sky
184,Obo,CF,2021-05-11 06:54:08,5.3998,26.4869,71.98,89,100,3.58,overcast clouds
185,Rolla,US,2021-05-11 06:52:25,37.9514,-91.7713,41.0,87,1,0.98,clear sky
186,Evensk,RU,2021-05-11 06:54:08,61.95,159.2333,33.08,93,89,4.72,overcast clouds
187,Carballo,ES,2021-05-11 06:54:08,43.213,-8.691,51.01,90,54,4.94,broken clouds
188,Naryan-Mar,RU,2021-05-11 06:54:09,67.6713,53.087,46.4,73,100,17.34,overcast clouds
189,Talnakh,RU,2021-05-11 06:54:09,69.4865,88.3972,34.41,96,100,14.05,overcast clouds
190,Sampit,ID,2021-05-11 06:54:09,-2.5333,112.95,84.92,74,100,3.09,overcast clouds
191,Tiksi,RU,2021-05-11 06:54:10,71.6872,128.8694,28.65,86,100,13.06,overcast clouds
192,Brae,GB,2021-05-11 06:54:10,60.3964,-1.353,46.4,93,20,12.66,few clouds
193,Oistins,BB,2021-05-11 06:54:10,13.0667,-59.5333,78.26,75,22,19.39,few clouds
194,Arlit,NE,2021-05-11 06:54:11,18.7369,7.3853,92.95,9,93,7.52,overcast clouds
195,Kaitangata,NZ,2021-05-11 06:54:11,-46.2817,169.8464,48.0,77,100,8.01,overcast clouds
196,Maragogi,BR,2021-05-11 06:54:11,-9.0122,-35.2225,74.44,90,54,8.57,broken clouds
197,Palmerston,AU,2021-05-11 06:54:11,-12.486,130.9833,93.2,26,0,12.66,clear sky
198,Inirida,CO,2021-05-11 06:54:12,3.8653,-67.9239,70.77,98,51,2.66,broken clouds
199,Asau,RO,2021-05-11 06:54:12,46.4333,26.4,59.0,37,0,4.7,clear sky
200,Geraldton,AU,2021-05-11 06:54:12,-28.7667,114.6,86.0,25,0,11.5,clear sky
201,Capao Bonito,BR,2021-05-11 06:54:13,-24.0058,-48.3494,53.96,96,7,1.92,clear sky
202,Kahului,US,2021-05-11 06:54:13,20.8947,-156.47,73.4,73,1,14.97,clear sky
203,Maniitsoq,GL,2021-05-11 06:54:13,65.4167,-52.9,33.12,80,100,8.21,overcast clouds
204,Richards Bay,ZA,2021-05-11 06:54:14,-28.783,32.0377,68.92,65,0,5.86,clear sky
205,Kabalo,CD,2021-05-11 06:54:14,-6.05,26.9167,73.96,76,54,5.21,broken clouds
206,Huangmei,CN,2021-05-11 06:54:14,30.1924,116.025,71.2,93,100,3.38,moderate rain
207,Sun Valley,US,2021-05-11 06:54:15,39.5963,-119.776,55.4,22,1,4.61,clear sky
208,Alugan,PH,2021-05-11 06:54:15,12.2188,125.4808,83.28,80,75,8.25,broken clouds
209,Ancud,CL,2021-05-11 06:54:15,-41.8697,-73.8203,35.6,100,0,3.44,clear sky
210,Havelock,US,2021-05-11 06:52:29,34.8791,-76.9013,62.01,92,100,3.0,overcast clouds
211,Lorengau,PG,2021-05-11 06:54:16,-2.0226,147.2712,81.16,75,95,0.83,overcast clouds
212,Truro,GB,2021-05-11 06:54:16,50.2653,-5.0544,48.2,87,20,10.36,few clouds
213,Yantal,RU,2021-05-11 06:54:16,56.8471,105.2542,47.73,73,100,9.4,light rain
214,Saint-Honore,CA,2021-05-11 06:54:16,48.5334,-71.0824,46.0,76,90,3.6,overcast clouds
215,Asfi,MA,2021-05-11 06:54:17,32.2994,-9.2372,60.66,73,0,15.52,clear sky
216,Alofi,NU,2021-05-11 06:50:27,-19.0595,-169.9187,77.0,73,75,18.41,broken clouds
217,Tuktoyaktuk,CA,2021-05-11 06:54:17,69.4541,-133.0374,13.5,94,22,9.95,few clouds
218,Aklavik,CA,2021-05-11 06:54:17,68.2191,-135.0107,35.6,69,100,8.05,overcast clouds
219,Mogadishu,SO,2021-05-11 06:54:18,2.0371,45.3438,82.04,79,100,19.22,light rain
220,Eydhafushi,MV,2021-05-11 06:54:18,5.1033,73.0708,82.58,81,100,12.71,light rain
221,Chulman,RU,2021-05-11 06:54:18,56.8479,124.9104,49.08,62,100,9.24,light rain
222,Caramay,PH,2021-05-11 06:54:19,10.1815,119.236,84.6,73,98,5.82,overcast clouds
223,Tocopilla,CL,2021-05-11 06:54:19,-22.092,-70.1979,66.15,73,68,7.02,broken clouds
224,Luanda,AO,2021-05-11 06:54:19,-8.8368,13.2343,78.8,89,75,5.75,broken clouds
225,Thompson,CA,2021-05-11 06:54:19,55.7435,-97.8558,41.0,52,40,5.75,scattered clouds
226,Adwa,ET,2021-05-11 06:54:20,14.1646,38.8955,75.47,32,15,1.83,few clouds
227,Saint George,US,2021-05-11 06:54:20,37.1041,-113.5841,69.8,18,1,10.36,clear sky
228,Fairbanks,US,2021-05-11 06:54:20,64.8378,-147.7164,57.2,38,40,4.61,light rain
229,Kashan,IR,2021-05-11 06:54:21,33.9831,51.4364,78.6,33,7,5.61,clear sky
230,Kaeo,NZ,2021-05-11 06:54:21,-35.1,173.7833,63.0,95,100,5.01,overcast clouds
231,Hofn,IS,2021-05-11 06:54:21,64.2539,-15.2082,32.95,54,1,9.4,clear sky
232,Khuzdar,PK,2021-05-11 06:54:22,27.7384,66.6434,89.76,14,100,4.81,overcast clouds
233,Sisimiut,GL,2021-05-11 06:54:22,66.9395,-53.6735,33.24,81,100,6.04,overcast clouds
234,Kremenchuk,UA,2021-05-11 06:54:22,49.0973,33.4197,54.86,72,100,13.82,overcast clouds
235,Polson,US,2021-05-11 06:54:22,47.6936,-114.1632,39.99,59,12,1.99,few clouds
236,Yerbogachen,RU,2021-05-11 06:54:23,61.2767,108.0108,38.7,53,100,11.27,overcast clouds
237,Lincoln,US,2021-05-11 06:51:39,40.8,-96.667,50.0,76,1,8.05,clear sky
238,Barranca,PE,2021-05-11 06:54:23,-10.75,-77.7667,63.48,89,22,5.73,few clouds
239,Lompoc,US,2021-05-11 06:54:24,34.6391,-120.4579,53.01,93,0,3.44,mist
240,Ekuvukeni,ZA,2021-05-11 06:54:24,-28.4675,30.1551,60.91,50,0,2.33,clear sky
241,Cockburn Town,TC,2021-05-11 06:54:24,21.4612,-71.1419,79.52,81,10,17.65,clear sky
242,Port-Cartier,CA,2021-05-11 06:54:24,50.0334,-66.8654,36.0,75,1,3.44,clear sky
243,Pisco,PE,2021-05-11 06:54:25,-13.7,-76.2167,64.4,88,90,2.3,mist
244,Chicama,PE,2021-05-11 06:54:25,-7.8447,-79.1469,65.19,84,100,3.38,overcast clouds
245,Kimbe,PG,2021-05-11 06:51:22,-5.5502,150.1429,81.81,82,94,1.32,light rain
246,Cervo,ES,2021-05-11 06:54:25,43.6702,-7.4101,50.0,83,32,3.0,light rain
247,Fukue,JP,2021-05-11 06:54:26,32.6881,128.8419,66.2,100,75,11.5,moderate rain
248,Sambava,MG,2021-05-11 06:54:26,-14.2667,50.1667,80.44,68,73,6.46,broken clouds
249,Shenjiamen,CN,2021-05-11 06:54:26,29.9576,122.298,67.17,98,100,8.3,light rain
250,Arrifes,PT,2021-05-11 06:54:27,37.7667,-25.7,62.6,94,75,16.11,broken clouds
251,Jacareacanga,BR,2021-05-11 06:54:27,-6.2222,-57.7528,70.79,98,61,2.01,broken clouds
252,Yagodnoye,RU,2021-05-11 06:54:27,62.55,149.6667,37.0,68,88,1.57,overcast clouds
253,Semey,KZ,2021-05-11 06:54:28,50.4111,80.2275,66.2,20,0,15.66,clear sky
254,Penzance,GB,2021-05-11 06:54:28,50.1186,-5.5371,50.0,81,20,12.66,few clouds
255,Mehamn,NO,2021-05-11 06:54:28,71.0357,27.8492,41.0,60,0,8.05,clear sky
256,Lazaro Cardenas,MX,2021-05-11 06:54:28,17.9583,-102.2,79.0,86,100,2.89,overcast clouds
257,Cedar City,US,2021-05-11 06:54:29,37.6775,-113.0619,46.0,42,1,6.91,clear sky
258,Kefamenanu,ID,2021-05-11 06:52:18,-9.4467,124.4781,79.84,58,35,9.55,scattered clouds
259,Zhuhai,CN,2021-05-11 06:54:29,22.2769,113.5678,89.6,70,20,12.66,few clouds
260,Springbok,ZA,2021-05-11 06:54:30,-29.6643,17.8865,69.8,23,0,9.22,clear sky
261,Kozhevnikovo,RU,2021-05-11 06:54:30,56.2589,83.9714,69.01,25,100,13.0,overcast clouds
262,Tubmanburg,LR,2021-05-11 06:54:30,6.8708,-10.8172,74.26,95,100,2.48,overcast clouds
263,Ozernovskiy,RU,2021-05-11 06:54:30,51.5,156.5167,37.67,75,55,2.84,broken clouds
264,Gualaceo,EC,2021-05-11 06:50:09,-2.9,-78.7833,55.65,99,100,4.07,overcast clouds
265,Samoded,RU,2021-05-11 06:54:31,63.6083,40.5111,53.64,78,100,9.01,light rain
266,Sanchez,DO,2021-05-11 06:54:31,19.2281,-69.6137,74.89,92,100,4.85,overcast clouds
267,Hassleholm,SE,2021-05-11 06:54:31,56.1591,13.7664,62.6,72,0,10.36,clear sky
268,Putyatino,RU,2021-05-11 06:54:32,54.16,41.1169,59.79,74,86,15.14,overcast clouds
269,Panama City,PA,2021-05-11 06:51:43,8.9936,-79.5197,79.0,89,90,4.61,overcast clouds
270,Iskateley,RU,2021-05-11 06:54:32,67.6803,53.1512,46.42,73,100,17.49,overcast clouds
271,Abu Kamal,SY,2021-05-11 06:54:32,34.4506,40.9171,84.7,11,0,2.46,clear sky
272,Caravelas,BR,2021-05-11 06:54:33,-17.7125,-39.2481,72.0,56,69,7.74,broken clouds
273,Victor Harbor,AU,2021-05-11 06:54:33,-35.5667,138.6167,57.0,73,49,1.99,scattered clouds
274,College,US,2021-05-11 06:54:33,64.8569,-147.8028,57.2,44,75,6.91,light rain
275,Iquitos,PE,2021-05-11 06:49:36,-3.7481,-73.2472,73.4,100,75,0.81,broken clouds
276,Hecun,CN,2021-05-11 06:54:34,36.5333,114.1111,78.3,25,100,4.16,overcast clouds
277,Darhan,MN,2021-05-11 06:54:34,49.4867,105.9228,56.88,29,84,15.14,broken clouds
278,Kenai,US,2021-05-11 06:53:37,60.5544,-151.2583,43.0,87,90,5.75,light rain
279,Vale,GE,2021-05-11 06:54:35,41.6156,42.8722,52.12,43,0,2.82,clear sky
280,Koslan,RU,2021-05-11 06:54:35,63.4564,48.8989,46.26,67,100,9.93,overcast clouds
281,Bredasdorp,ZA,2021-05-11 06:54:10,-34.5322,20.0403,53.6,94,20,5.75,few clouds
282,Black River,JM,2021-05-11 06:54:35,18.0264,-77.8487,78.8,78,20,4.61,few clouds
283,Tres Arroyos,AR,2021-05-11 06:50:03,-38.3739,-60.2798,46.38,61,80,11.07,broken clouds
284,Torbay,CA,2021-05-11 06:54:36,47.6666,-52.7314,41.0,93,20,13.8,few clouds
285,Severo-Kurilsk,RU,2021-05-11 06:54:36,50.6789,156.125,36.72,78,56,8.16,broken clouds
286,Foshan,CN,2021-05-11 06:54:36,23.0268,113.1315,95.0,43,75,13.42,broken clouds
287,Mareeba,AU,2021-05-11 06:54:37,-17.0,145.4333,82.4,69,100,10.36,overcast clouds
288,Qingdao,CN,2021-05-11 06:54:37,36.0986,120.3719,60.8,77,75,13.42,broken clouds
289,Vlore,AL,2021-05-11 06:54:37,40.4667,19.4897,68.23,68,19,3.0,few clouds
290,Norman Wells,CA,2021-05-11 06:54:38,65.282,-126.8329,37.4,60,20,12.66,few clouds
291,Port Lincoln,AU,2021-05-11 06:54:38,-34.7333,135.8667,58.75,58,63,12.44,broken clouds
292,Port Hardy,CA,2021-05-11 06:54:38,50.6996,-127.4199,46.4,93,75,2.3,broken clouds
293,Tochimilco,MX,2021-05-11 06:54:38,18.9,-98.5667,60.94,85,97,1.61,overcast clouds
294,Taltal,CL,2021-05-11 06:54:39,-25.4,-70.4833,63.37,77,100,1.74,overcast clouds
295,Berlevag,NO,2021-05-11 06:54:39,70.8578,29.0864,41.0,60,0,8.05,clear sky
296,Ballina,AU,2021-05-11 06:54:40,-28.8667,153.5667,75.2,60,40,4.61,scattered clouds
297,Klyuchi,RU,2021-05-11 06:54:40,52.2667,79.1667,64.45,28,24,16.06,few clouds
298,Honningsvag,NO,2021-05-11 06:54:40,70.9821,25.9704,41.0,70,20,6.91,few clouds
299,Parlakimidi,IN,2021-05-11 06:54:40,18.7667,84.0833,99.77,41,0,4.63,clear sky
300,Lavrentiya,RU,2021-05-11 06:54:41,65.5833,-171.0,34.12,96,100,9.95,overcast clouds
301,Goderich,CA,2021-05-11 06:54:41,43.7501,-81.7165,41.0,75,9,12.66,clear sky
302,Omsukchan,RU,2021-05-11 06:54:41,62.5333,155.8,30.51,86,98,4.85,overcast clouds
303,Dhidhdhoo,MV,2021-05-11 06:54:42,6.8833,73.1,84.24,75,100,10.04,overcast clouds
304,Fallon,US,2021-05-11 06:54:42,39.4735,-118.7774,50.0,27,1,4.61,clear sky
305,Port Moresby,PG,2021-05-11 06:54:42,-9.4431,147.1797,84.2,79,40,11.5,haze
306,Nsanje,MW,2021-05-11 06:54:42,-16.92,35.262,69.03,75,100,2.73,overcast clouds
307,Zeya,RU,2021-05-11 06:54:43,53.75,127.2667,61.32,35,100,10.09,overcast clouds
308,Muros,ES,2021-05-11 06:54:43,42.7762,-9.0603,48.0,95,86,10.31,overcast clouds
309,Ishigaki,JP,2021-05-11 06:54:43,24.3448,124.1572,86.0,84,75,16.11,broken clouds
310,Puga,MX,2021-05-11 06:54:44,21.5833,-104.8167,69.01,59,100,1.01,overcast clouds
311,Tabou,CI,2021-05-11 06:54:44,4.423,-7.3528,80.37,81,100,4.99,overcast clouds
312,Broken Hill,AU,2021-05-11 06:54:44,-31.95,141.4333,59.0,41,0,19.57,clear sky
313,Tilichiki,RU,2021-05-11 06:54:45,60.4667,166.1,30.94,92,100,7.0,overcast clouds
314,Hamilton,US,2021-05-11 06:52:48,39.1834,-84.5333,48.2,100,1,5.32,clear sky
315,Bathsheba,BB,2021-05-11 06:54:45,13.2167,-59.5167,78.22,76,13,17.72,few clouds
316,Areosa,PT,2021-05-11 06:54:45,41.7178,-8.8571,53.6,76,40,5.75,scattered clouds
317,Inuvik,CA,2021-05-11 06:54:47,68.3499,-133.7218,35.6,69,100,8.05,overcast clouds
318,Ust-Nera,RU,2021-05-11 06:54:47,64.5667,143.2,43.74,55,96,4.79,overcast clouds
319,Guane,CU,2021-05-11 06:54:47,22.2025,-84.0875,74.35,89,1,3.31,clear sky
320,Micasasa,RO,2021-05-11 06:54:48,46.0833,24.1167,63.0,55,0,6.91,clear sky
321,Panzhihua,CN,2021-05-11 06:54:48,26.5851,101.7128,90.99,24,75,6.42,broken clouds
322,Lugovoy,KZ,2021-05-11 06:54:48,42.9472,72.7644,71.94,40,86,8.97,overcast clouds
323,Chilca,PE,2021-05-11 06:54:49,-12.5211,-76.7372,62.6,82,90,6.91,overcast clouds
324,Yulara,AU,2021-05-11 06:54:49,-25.2406,130.9889,75.2,33,0,5.75,clear sky
325,Atocha,BO,2021-05-11 06:54:49,-20.9333,-66.2333,44.1,39,8,4.16,clear sky
326,Braganca,BR,2021-05-11 06:54:50,-1.0536,-46.7656,71.55,98,35,1.43,light rain
327,Adrar,MR,2021-05-11 06:54:50,20.5022,-10.0711,79.41,20,0,12.06,clear sky
328,Luyang,CN,2021-05-11 06:54:50,27.6239,110.0989,71.31,92,100,3.76,overcast clouds
329,Olafsvik,IS,2021-05-11 06:54:51,64.8945,-23.7142,35.98,62,17,5.93,few clouds
330,Salinopolis,BR,2021-05-11 06:54:51,-0.6136,-47.3561,76.3,86,39,6.73,moderate rain
331,Souillac,MU,2021-05-11 06:54:51,-20.5167,57.5167,82.4,65,40,14.97,scattered clouds
332,Ukiah,US,2021-05-11 06:53:03,39.1502,-123.2078,64.4,39,1,2.84,clear sky
333,Solano,US,2021-05-11 06:54:52,38.2333,-121.9511,66.0,36,1,10.36,clear sky
334,San Nicolas,PH,2021-05-11 06:54:52,18.1725,120.5953,87.8,74,40,13.8,scattered clouds
335,Havdrup,DK,2021-05-11 06:54:52,55.5448,12.1239,53.01,87,90,12.66,overcast clouds
336,Onoda,JP,2021-05-11 06:52:06,34.0014,131.1836,68.0,64,75,11.5,light rain
337,Feicheng,CN,2021-05-11 06:54:53,35.2606,117.9675,71.01,99,100,1.01,overcast clouds
338,Adeje,ES,2021-05-11 06:54:53,28.1227,-16.726,64.4,59,40,12.66,scattered clouds
339,Lagoa,PT,2021-05-11 06:54:54,39.05,-27.9833,60.75,79,12,19.44,few clouds
340,Bali Chak,IN,2021-05-11 06:54:54,22.3667,87.55,101.91,33,96,9.78,overcast clouds
341,Jalu,LY,2021-05-11 06:54:54,29.0331,21.5482,80.94,27,0,8.66,clear sky
342,Mitu,CO,2021-05-11 06:54:54,1.1983,-70.1733,70.05,99,100,1.9,overcast clouds
343,Areia Branca,BR,2021-05-11 06:53:32,-4.9561,-37.1369,74.14,88,63,8.72,broken clouds
344,Fort Nelson,CA,2021-05-11 06:54:27,58.8053,-122.7002,42.8,81,75,1.5,broken clouds
345,Cabedelo,BR,2021-05-11 06:54:55,-6.9811,-34.8339,71.6,100,20,4.61,few clouds
346,Akdepe,TM,2021-05-11 06:54:55,42.0551,59.3788,87.8,16,0,11.5,clear sky
347,Aksarka,RU,2021-05-11 06:54:55,66.5606,67.7975,40.06,78,100,2.19,overcast clouds
348,Ahipara,NZ,2021-05-11 06:54:56,-35.1667,173.1667,64.69,92,100,8.34,overcast clouds
349,Zhigansk,RU,2021-05-11 06:54:56,66.7697,123.3711,36.34,57,6,16.82,clear sky
350,Lamu,KE,2021-05-11 06:54:56,-2.2717,40.902,82.62,71,96,17.69,overcast clouds
351,Bhuban,IN,2021-05-11 06:54:02,20.8833,85.8333,101.71,34,98,4.36,overcast clouds
352,Umm Kaddadah,SD,2021-05-11 06:54:57,13.6017,26.6876,85.55,47,14,4.97,few clouds
353,Vytegra,RU,2021-05-11 06:54:57,61.0064,36.4481,62.76,53,94,10.65,overcast clouds
354,Atikokan,CA,2021-05-11 06:54:57,48.7555,-91.6216,27.79,86,4,0.92,clear sky
355,Freeport,US,2021-05-11 06:54:58,40.6576,-73.5832,51.8,71,1,4.61,clear sky
356,Kalofer,BG,2021-05-11 06:54:11,42.6167,24.9833,60.01,42,6,2.04,clear sky
357,Uyuni,BO,2021-05-11 06:54:58,-20.4597,-66.825,43.2,40,30,6.69,scattered clouds
358,Riyadh,SA,2021-05-11 06:54:36,24.6877,46.7219,93.2,6,73,2.3,light rain
359,Sungaipenuh,ID,2021-05-11 06:54:59,-2.0833,101.3833,76.19,81,100,3.2,overcast clouds
360,Zhezkazgan,KZ,2021-05-11 06:54:59,47.8043,67.7144,68.56,42,36,15.19,scattered clouds
361,Kutum,SD,2021-05-11 06:54:59,14.2,24.6667,82.36,39,0,4.18,clear sky
362,Jiaojiang,CN,2021-05-11 06:55:00,28.6803,121.4428,77.0,91,100,1.01,light rain
363,Oktyabrskoye,RU,2021-05-11 06:55:00,43.0645,44.7417,51.8,62,40,11.18,scattered clouds
364,Prieska,ZA,2021-05-11 06:55:00,-29.6641,22.7474,68.0,24,0,3.58,clear sky
365,Sabana De Torres,CO,2021-05-11 06:55:01,7.3915,-73.4957,72.81,95,100,2.66,overcast clouds
366,Sheopur,IN,2021-05-11 06:55:01,25.6667,76.7,103.44,15,2,7.23,clear sky
367,Makat,KZ,2021-05-11 06:55:01,47.6469,53.3463,57.9,52,100,13.0,overcast clouds
368,Hovd,MN,2021-05-11 06:55:02,48.0056,91.6419,54.52,27,21,8.1,few clouds
369,Brigantine,US,2021-05-11 06:55:02,39.4101,-74.3646,53.01,93,1,10.74,clear sky
370,Buala,SB,2021-05-11 06:55:02,-8.145,159.5921,81.16,80,100,3.04,overcast clouds
371,Preobrazheniye,RU,2021-05-11 06:55:03,42.9019,133.9064,46.08,85,84,6.89,broken clouds
372,Magdagachi,RU,2021-05-11 06:55:03,53.45,125.8,59.74,35,100,8.99,overcast clouds
373,Huarmey,PE,2021-05-11 06:55:03,-10.0681,-78.1522,64.72,89,84,5.23,broken clouds
374,Oktyabrskiy,RU,2021-05-11 06:50:15,54.4815,53.471,73.83,39,26,4.05,scattered clouds
375,Wewak,PG,2021-05-11 06:55:04,-3.5534,143.6268,82.06,77,100,7.07,moderate rain
376,Paredon,MX,2021-05-11 06:55:04,16.0333,-93.8667,82.51,74,12,1.54,few clouds
377,Sala,MA,2021-05-11 06:55:04,34.0389,-6.8166,57.2,82,75,1.14,broken clouds
378,Sitka,US,2021-05-11 06:55:05,57.0531,-135.33,50.0,62,90,10.36,overcast clouds
379,Visby,SE,2021-05-11 06:50:11,57.6409,18.296,60.01,67,0,8.05,clear sky
380,Liancheng,CN,2021-05-11 06:55:07,24.0519,105.075,89.62,32,23,8.57,few clouds
381,Tuatapere,NZ,2021-05-11 06:55:07,-46.1333,167.6833,44.01,90,100,7.0,overcast clouds
382,Atasu,KZ,2021-05-11 06:55:07,48.6814,71.6433,64.49,38,37,17.92,scattered clouds
383,San Pedro,PH,2021-05-11 06:55:08,14.35,121.0167,95.0,55,75,10.36,broken clouds
384,Barra Patuca,HN,2021-05-11 06:55:08,15.8,-84.2833,77.97,85,43,11.61,scattered clouds
385,Tanga,TZ,2021-05-11 06:55:08,-5.0667,39.1,79.65,72,100,14.83,overcast clouds
386,Sao Filipe,CV,2021-05-11 06:55:08,14.8961,-24.4956,71.76,79,1,8.75,clear sky
387,Kandrian,PG,2021-05-11 06:55:09,-6.2167,149.55,82.76,76,91,4.52,light rain
388,Poso,ID,2021-05-11 06:55:09,-1.3959,120.7524,84.79,74,62,3.38,broken clouds
389,Clyde River,CA,2021-05-11 06:55:09,70.4692,-68.5914,1.4,92,40,2.3,mist
390,Kyren,RU,2021-05-11 06:55:10,51.6828,102.1408,54.34,40,63,3.42,broken clouds
391,Tiznit,MA,2021-05-11 06:55:10,29.5833,-9.5,54.57,84,9,2.71,clear sky
392,Srednekolymsk,RU,2021-05-11 06:55:10,67.45,153.6833,28.45,75,100,6.4,overcast clouds
393,Nikolskoye,RU,2021-05-11 06:55:11,59.7035,30.7861,66.2,37,0,8.95,clear sky
394,Aleksandrov Gay,RU,2021-05-11 06:55:11,50.147,48.5704,57.56,51,0,10.25,clear sky
395,Zwedru,LR,2021-05-11 06:55:11,6.0667,-8.1281,73.13,97,89,2.1,overcast clouds
396,Beloomut,RU,2021-05-11 06:55:12,54.9448,39.3394,64.0,52,5,13.31,clear sky
397,Banki,IN,2021-05-11 06:55:12,20.3833,85.5333,91.4,62,90,16.11,moderate rain
398,Bengkulu,ID,2021-05-11 06:55:12,-3.8004,102.2655,83.77,75,100,4.68,overcast clouds
399,Omboue,GA,2021-05-11 06:55:12,-1.5746,9.2618,80.11,82,99,3.06,overcast clouds
400,Port Blair,IN,2021-05-11 06:55:13,11.6667,92.75,89.6,74,40,6.91,scattered clouds
401,Pasni,PK,2021-05-11 06:55:13,25.2631,63.471,87.19,58,0,17.09,clear sky
402,Dodge City,US,2021-05-11 06:55:14,37.7528,-100.0171,48.2,81,90,10.36,overcast clouds
403,Hualmay,PE,2021-05-11 06:55:14,-11.0964,-77.6139,63.7,90,51,5.86,broken clouds
404,Dwarka,IN,2021-05-11 06:55:14,22.2394,68.9678,87.13,64,3,16.13,clear sky
405,Larsnes,NO,2021-05-11 06:55:15,62.2028,5.5773,57.2,51,75,5.75,broken clouds
406,Husavik,IS,2021-05-11 06:55:15,66.0449,-17.3389,26.6,74,75,10.36,broken clouds
407,Uruana,BR,2021-05-11 06:55:15,-15.4981,-49.6875,59.74,74,6,2.64,clear sky
408,Gat,IL,2021-05-11 06:54:04,31.61,34.7642,77.0,43,0,1.99,clear sky
409,Juarez,MX,2021-05-11 06:51:47,31.7333,-106.4833,80.6,13,20,31.07,few clouds
410,Egvekinot,RU,2021-05-11 06:55:16,66.3167,-179.1667,25.57,89,100,8.12,overcast clouds
411,Bara,NG,2021-05-11 06:55:16,10.3744,10.7288,81.45,64,100,11.1,overcast clouds
412,Batemans Bay,AU,2021-05-11 06:55:16,-35.7167,150.1833,59.0,79,54,5.99,light rain
413,Viedma,AR,2021-05-11 06:54:38,-40.8135,-62.9967,44.92,63,0,7.67,clear sky
414,Outram,MY,2021-05-11 06:55:17,1.2829,103.8379,93.2,66,75,11.5,broken clouds
415,Patacamaya,BO,2021-05-11 06:55:17,-17.2333,-67.9167,40.06,90,15,7.07,few clouds
416,La Asuncion,VE,2021-05-11 06:55:17,11.0333,-63.8628,78.8,94,0,11.5,clear sky
417,Manono,CD,2021-05-11 06:55:18,-7.3,27.4167,74.86,56,58,5.88,broken clouds
418,Imamoglu,TR,2021-05-11 06:55:18,37.2651,35.6572,78.8,18,0,5.75,clear sky
419,Barnstaple,GB,2021-05-11 06:55:18,51.0802,-4.0581,48.99,88,16,10.0,moderate rain
420,Aldan,RU,2021-05-11 06:55:18,58.6031,125.3894,48.67,62,96,5.57,overcast clouds
421,Khor,RU,2021-05-11 06:55:19,47.8861,134.9464,53.46,49,100,4.81,overcast clouds
422,Beloha,MG,2021-05-11 06:55:19,-25.1667,45.05,73.02,64,96,7.54,overcast clouds
423,Bosanski Samac,BA,2021-05-11 06:55:19,45.0592,18.4669,66.0,64,0,1.01,clear sky
424,Pitimbu,BR,2021-05-11 06:55:20,-7.4706,-34.8086,71.6,100,20,4.61,few clouds
425,Boende,CD,2021-05-11 06:55:20,-0.2167,20.8667,74.41,92,100,1.92,overcast clouds
426,Simav,TR,2021-05-11 06:55:20,39.0882,28.9777,62.6,25,0,14.97,clear sky
427,Lubango,AO,2021-05-11 06:54:16,-14.9172,13.4925,60.96,57,6,5.39,clear sky
428,Gumrak,RU,2021-05-11 06:55:21,48.7826,44.3824,48.2,81,75,22.37,light rain
429,Dafeng,CN,2021-05-11 06:55:21,23.4517,108.5881,94.28,50,58,9.24,broken clouds
430,Cap Malheureux,MU,2021-05-11 06:55:21,-19.9842,57.6142,78.01,77,33,7.0,scattered clouds
431,Awjilah,LY,2021-05-11 06:55:22,29.1081,21.2869,81.0,25,0,9.48,clear sky
432,Khorinsk,RU,2021-05-11 06:55:22,52.1657,109.7726,51.3,50,14,13.22,few clouds
433,Laureles,US,2021-05-11 06:55:22,26.1092,-97.4941,80.6,83,90,11.5,overcast clouds
434,Grand Gaube,MU,2021-05-11 06:55:22,-20.0064,57.6608,78.01,77,44,7.0,scattered clouds
435,Turan,VN,2021-05-11 06:55:23,16.0678,108.2208,91.4,62,20,10.36,few clouds
436,Zhangye,CN,2021-05-11 06:55:23,38.9342,100.4517,82.0,11,100,7.7,overcast clouds
437,Xuddur,SO,2021-05-11 06:55:24,4.1213,43.8894,83.25,53,70,19.77,broken clouds
438,Korla,CN,2021-05-11 06:55:24,41.7597,86.1469,86.9,17,79,10.38,broken clouds
439,Chateaubelair,VC,2021-05-11 06:55:24,13.2833,-61.25,80.6,74,20,16.11,few clouds
440,Klaksvik,FO,2021-05-11 06:55:25,62.2266,-6.589,42.8,70,40,16.11,scattered clouds
441,Padampur,IN,2021-05-11 06:55:25,29.6833,73.6167,102.4,15,5,3.04,clear sky
442,Broome,US,2021-05-11 06:55:25,42.2506,-75.833,41.0,65,90,5.75,overcast clouds
443,Marawi,PH,2021-05-11 06:55:25,7.9986,124.2928,75.36,89,100,4.14,heavy intensity rain
444,Nanortalik,GL,2021-05-11 06:55:26,60.1432,-45.2371,36.91,78,93,2.55,overcast clouds
445,Mombasa,KE,2021-05-11 06:55:26,-4.0547,39.6636,80.6,78,75,12.66,broken clouds
446,Madinat Sittah Uktubar,EG,2021-05-11 06:55:26,29.8167,31.05,75.0,64,40,5.75,scattered clouds
447,Karakol,KG,2021-05-11 06:55:27,42.4907,78.3936,49.53,75,100,1.36,overcast clouds
448,Bafilo,TG,2021-05-11 06:55:27,9.35,1.2667,75.2,94,0,2.68,clear sky
449,Lahad Datu,MY,2021-05-11 06:55:28,5.0268,118.327,84.11,75,97,4.05,moderate rain
450,Leon,MX,2021-05-11 06:55:29,21.1167,-101.6667,66.69,68,100,8.66,overcast clouds
451,Boras,SE,2021-05-11 06:55:29,57.721,12.9401,53.01,100,90,3.44,heavy intensity rain
452,Rumford,US,2021-05-11 06:54:24,44.5537,-70.5509,48.0,72,100,1.01,overcast clouds
453,Bloemfontein,ZA,2021-05-11 06:55:29,-29.1211,26.214,48.2,76,0,1.14,clear sky
454,Toamasina,MG,2021-05-11 06:55:30,-18.1667,49.3833,78.8,83,75,8.05,broken clouds
455,Atbasar,KZ,2021-05-11 06:55:30,51.8,68.3333,61.97,37,12,13.65,few clouds
456,Meulaboh,ID,2021-05-11 06:55:30,4.1363,96.1285,84.96,74,98,6.26,overcast clouds
457,Bardiyah,LY,2021-05-11 06:55:30,31.7561,25.0865,68.65,56,0,5.75,clear sky
458,Rawson,AR,2021-05-11 06:55:31,-43.3002,-65.1023,48.58,51,0,10.18,clear sky
459,High Rock,BS,2021-05-11 06:55:31,26.6208,-78.2833,78.8,78,20,10.36,few clouds
460,Svarstad,NO,2021-05-11 06:55:31,59.399,9.9698,48.0,1,100,2.46,overcast clouds
461,Rio Cuarto,AR,2021-05-11 06:55:32,-33.1307,-64.3499,42.01,74,0,4.0,clear sky
462,Russell,US,2021-05-11 06:55:32,32.3502,-85.1999,66.2,94,1,3.44,mist
463,Kavieng,PG,2021-05-11 06:55:32,-2.5744,150.7967,82.51,72,87,1.57,overcast clouds
464,Kaduqli,SD,2021-05-11 06:55:33,11.0167,29.7167,82.42,53,94,8.57,overcast clouds
465,Honiara,SB,2021-05-11 06:55:33,-9.4333,159.95,80.44,84,100,3.42,overcast clouds
466,Teno,CL,2021-05-11 06:50:53,-34.8667,-71.1833,42.01,100,0,3.44,clear sky
467,Puerto Suarez,BO,2021-05-11 06:55:33,-18.95,-57.8,68.86,64,12,3.09,few clouds
468,Santa Lucia,ES,2021-05-11 06:55:33,27.9117,-15.5407,66.99,68,40,18.41,scattered clouds
469,Arman,RU,2021-05-11 06:55:34,59.7,150.1667,38.5,75,39,5.53,scattered clouds
470,Itarema,BR,2021-05-11 06:55:34,-2.9248,-39.9167,74.1,91,21,9.04,few clouds
471,Sortland,NO,2021-05-11 06:55:34,68.6949,15.4162,41.0,65,40,12.66,light rain
472,Narasannapeta,IN,2021-05-11 06:55:35,18.4167,84.05,95.05,52,3,14.74,clear sky
473,Voloshka,RU,2021-05-11 06:55:35,61.3314,40.0858,60.39,52,100,9.66,overcast clouds
474,Gobabis,NA,2021-05-11 06:55:35,-22.45,18.9667,62.31,31,0,7.67,clear sky
475,Hengyang,CN,2021-05-11 06:55:36,26.8881,112.615,81.64,77,72,6.2,broken clouds
476,Dalby,AU,2021-05-11 06:55:36,-27.1833,151.2667,77.0,47,40,4.61,scattered clouds
477,Tautira,PF,2021-05-11 06:55:36,-17.7333,-149.15,80.6,69,75,5.75,broken clouds
478,Tucupita,VE,2021-05-11 06:55:36,9.0622,-62.051,71.17,99,43,2.3,scattered clouds
479,Mercedes,AR,2021-05-11 06:55:37,-34.6515,-59.4307,43.0,78,0,1.01,clear sky
480,Vadso,NO,2021-05-11 06:55:37,70.0744,29.7487,42.8,65,0,6.91,clear sky
481,Gweta,BW,2021-05-11 06:55:37,-20.1833,25.2333,66.25,42,0,11.83,clear sky
482,Roma,US,2021-05-11 06:54:04,43.2128,-75.4557,39.99,81,1,4.5,clear sky
483,Saldanha,ZA,2021-05-11 06:55:38,-33.0117,17.9442,51.8,87,0,2.3,clear sky
484,Boa Vista,BR,2021-05-11 06:55:38,2.8197,-60.6733,77.0,88,75,3.44,broken clouds
485,Bereda,ES,2021-05-11 06:55:38,43.2686,-7.5406,44.01,97,90,8.99,overcast clouds
486,Batagay-Alyta,RU,2021-05-11 06:55:39,67.8006,130.4114,24.69,78,100,9.95,overcast clouds
487,Monticello,US,2021-05-11 06:55:39,45.3055,-93.7941,37.0,69,1,1.9,clear sky
488,Susanville,US,2021-05-11 06:55:39,40.4163,-120.653,48.2,34,1,3.44,clear sky
489,Isangel,VU,2021-05-11 06:55:40,-19.55,169.2667,80.6,83,75,15.3,broken clouds
490,Bayji,IQ,2021-05-11 06:55:40,34.9311,43.487,91.26,9,59,3.04,broken clouds
491,Stornoway,GB,2021-05-11 06:55:40,58.2093,-6.3865,48.99,93,40,11.5,scattered clouds
492,Antalaha,MG,2021-05-11 06:55:41,-14.9003,50.2788,81.23,64,69,4.56,broken clouds
493,Mildura,AU,2021-05-11 06:55:41,-34.2,142.15,60.8,41,40,12.66,scattered clouds
494,Ust-Kulom,RU,2021-05-11 06:55:41,61.6864,53.6902,54.25,44,70,3.65,broken clouds
495,Los Llanos De Aridane,ES,2021-05-11 06:55:42,28.6585,-17.9182,68.0,64,75,13.8,broken clouds
496,Vestmanna,FO,2021-05-11 06:55:42,62.1564,-7.1664,42.8,70,40,16.11,scattered clouds
497,Miyako,JP,2021-05-11 06:55:42,39.6367,141.9525,52.61,83,91,4.76,overcast clouds
498,Bilibino,RU,2021-05-11 06:55:42,68.0546,166.4372,29.39,84,81,0.96,broken clouds
499,Sangin,AF,2021-05-11 06:55:43,32.0728,64.8359,87.94,17,0,0.69,clear sky
500,Toora-Khem,RU,2021-05-11 06:55:43,52.4675,96.11,58.12,23,1,4.12,clear sky
501,Westport,US,2021-05-11 06:55:43,41.1415,-73.3579,50.0,76,1,5.75,clear sky
502,Ulaangom,MN,2021-05-11 06:55:44,49.9811,92.0667,50.94,29,100,9.8,overcast clouds
503,Dehloran,IR,2021-05-11 06:55:44,32.6941,47.2679,99.68,11,85,7.83,overcast clouds
504,Onega,RU,2021-05-11 06:55:44,63.9061,38.1404,51.03,85,100,8.5,overcast clouds
505,Chor,PK,2021-05-11 06:55:45,25.5167,69.7667,102.87,26,0,18.14,clear sky
506,Celestun,MX,2021-05-11 06:55:45,20.8667,-90.4,80.47,64,9,17.47,clear sky
507,San Rafael,AR,2021-05-11 06:55:45,-34.6177,-68.3301,48.51,60,10,5.12,clear sky
508,Rathenow,DE,2021-05-11 06:55:46,52.6066,12.337,64.0,78,100,1.99,overcast clouds
509,Mahon,ES,2021-05-11 06:55:46,39.8885,4.2658,62.6,88,0,12.66,clear sky
510,Aripuana,BR,2021-05-11 06:55:46,-9.1667,-60.6333,70.47,98,100,1.99,overcast clouds
511,Grindavik,IS,2021-05-11 06:55:46,63.8424,-22.4338,35.6,75,20,6.91,few clouds
512,Bosaso,SO,2021-05-11 06:55:47,11.2842,49.1816,88.45,60,100,4.21,overcast clouds
513,Barra Dos Coqueiros,BR,2021-05-11 06:55:47,-10.9089,-37.0386,78.8,65,75,14.97,broken clouds
514,Banepa,NP,2021-05-11 06:55:47,27.6298,85.5214,73.4,60,75,4.61,broken clouds
515,Virginia Beach,US,2021-05-11 06:54:06,36.8529,-75.978,55.99,82,40,9.78,scattered clouds
516,Kalmar,SE,2021-05-11 06:55:48,56.6616,16.3616,59.0,72,0,5.75,clear sky
517,Cascais,PT,2021-05-11 06:55:48,38.6979,-9.4215,59.0,87,20,3.44,few clouds
518,Sainte-Claire,CA,2021-05-11 06:55:48,46.6006,-70.8649,50.0,71,100,2.3,overcast clouds
519,Wisconsin Rapids,US,2021-05-11 06:55:49,44.3836,-89.8174,33.8,69,1,3.44,clear sky
520,Jishou,CN,2021-05-11 06:55:49,28.3167,109.7167,71.8,90,100,1.21,overcast clouds
521,Chapais,CA,2021-05-11 06:55:49,49.7834,-74.8492,37.4,87,90,6.91,overcast clouds
522,Pyay,MM,2021-05-11 06:55:50,18.8167,95.2167,102.92,28,54,5.93,broken clouds
523,Qujing,CN,2021-05-11 06:55:50,25.4833,103.7833,83.17,25,54,15.17,broken clouds
524,Sinnamary,GF,2021-05-11 06:55:50,5.3833,-52.95,76.73,86,91,9.33,overcast clouds
525,Ipixuna,BR,2021-05-11 06:55:51,-1.7625,-48.8043,75.2,94,75,6.91,mist
526,Paamiut,GL,2021-05-11 06:55:51,61.994,-49.6678,35.87,70,86,4.59,overcast clouds
527,Anadyr,RU,2021-05-11 06:55:51,64.75,177.4833,28.4,93,40,11.18,scattered clouds
528,Camargo,MX,2021-05-11 06:55:51,27.6667,-105.1667,73.71,31,75,2.24,broken clouds
529,Gimli,CA,2021-05-11 06:55:52,50.6336,-96.9907,37.4,52,60,1.14,broken clouds
530,Maunabo,PR,2021-05-11 06:55:52,18.0072,-65.8993,79.0,87,100,5.99,overcast clouds
531,Puerto Maldonado,PE,2021-05-11 06:55:52,-12.6,-69.1833,68.22,88,5,1.41,clear sky
532,Ayan,RU,2021-05-11 06:55:53,56.45,138.1667,34.39,84,21,10.09,few clouds
533,Katsuura,JP,2021-05-11 06:55:53,35.1333,140.3,66.99,54,100,5.01,overcast clouds
534,Dunedin,NZ,2021-05-11 06:54:46,-45.8742,170.5036,48.99,81,100,18.99,overcast clouds
535,Zyryanka,RU,2021-05-11 06:55:53,65.75,150.85,33.75,70,100,7.23,overcast clouds
536,Akdagmadeni,TR,2021-05-11 06:55:54,39.6603,35.8836,50.67,33,0,4.63,clear sky
537,Pacific Grove,US,2021-05-11 06:55:54,36.6177,-121.9166,52.0,90,0,0.04,clear sky
538,Erenhot,CN,2021-05-11 06:55:54,43.6475,111.9767,64.83,17,92,23.29,overcast clouds
539,Camabatela,AO,2021-05-11 06:55:55,-8.1881,15.375,67.03,69,0,4.38,clear sky
540,Kirksville,US,2021-05-11 06:55:55,40.1948,-92.5833,46.99,87,40,10.04,scattered clouds
541,Palatka,US,2021-05-11 06:55:55,29.6486,-81.6376,73.0,83,75,2.75,broken clouds
542,Davila,PH,2021-05-11 06:55:55,18.4726,120.5763,87.8,74,40,13.8,scattered clouds
543,Altus,US,2021-05-11 06:55:56,34.6381,-99.334,59.0,67,90,11.5,overcast clouds
544,Cairns,AU,2021-05-11 06:55:56,-16.9167,145.7667,82.4,69,100,10.36,overcast clouds
545,Vallenar,CL,2021-05-11 06:55:56,-28.5708,-70.7581,60.13,59,100,2.04,overcast clouds
546,Port Hawkesbury,CA,2021-05-11 06:55:57,45.6169,-61.3485,35.6,93,1,3.44,clear sky
547,Sur,OM,2021-05-11 06:55:57,22.5667,59.5289,91.04,42,0,10.04,clear sky
548,Beaverlodge,CA,2021-05-11 06:55:57,55.2166,-119.4361,42.8,70,75,8.05,broken clouds
549,Solnechnyy,RU,2021-05-11 06:55:58,50.7214,136.6319,53.17,43,84,1.68,broken clouds
550,Nampula,MZ,2021-05-11 06:55:12,-15.1165,39.2666,68.0,88,75,12.66,broken clouds
551,Sokoni,TZ,2021-05-11 06:55:58,-6.4333,39.55,80.6,83,40,11.5,scattered clouds
552,Nome,US,2021-05-11 06:55:58,64.5011,-165.4064,48.2,61,40,5.12,scattered clouds
553,Xining,CN,2021-05-11 06:55:59,36.6167,101.7667,69.01,35,84,1.52,broken clouds
554,Marsa Matruh,EG,2021-05-11 06:55:59,31.3525,27.2453,68.0,73,40,6.91,scattered clouds
555,Dover,US,2021-05-11 06:55:59,39.1582,-75.5244,50.0,71,75,8.46,broken clouds
556,Yashan,CN,2021-05-11 06:51:21,22.1975,109.9419,92.37,51,13,14.0,light rain
557,San Matias,BO,2021-05-11 06:56:00,-16.3667,-58.4,70.47,60,0,1.45,clear sky
558,Almaznyy,RU,2021-05-11 06:56:00,48.0448,40.045,48.2,81,40,11.18,scattered clouds
559,Pandan,PH,2021-05-11 06:56:00,14.0453,124.1694,85.84,71,93,7.09,overcast clouds
560,Aromashevo,RU,2021-05-11 06:56:01,56.8602,68.6375,68.27,28,0,5.44,clear sky
561,Miles City,US,2021-05-11 06:56:01,46.4083,-105.8406,42.8,52,1,4.61,clear sky
562,Paragominas,BR,2021-05-11 06:56:01,-2.9667,-47.4833,70.16,98,63,1.28,broken clouds
563,Salalah,OM,2021-05-11 06:56:02,17.0151,54.0924,87.8,66,75,8.05,broken clouds
564,Kayerkan,RU,2021-05-11 06:56:02,69.3497,87.7602,35.26,89,100,11.56,overcast clouds
565,Masallatah,LY,2021-05-11 06:56:03,32.6167,14.0,72.34,51,0,21.99,clear sky
566,Axim,GH,2021-05-11 06:56:04,4.8699,-2.2405,80.47,79,79,5.37,broken clouds
567,Zhanaozen,KZ,2021-05-11 06:51:04,43.3,52.8,64.62,50,46,10.02,scattered clouds
568,Crib Point,AU,2021-05-11 06:56:04,-38.35,145.2,55.0,79,38,18.97,scattered clouds
569,Tiarei,PF,2021-05-11 06:56:04,-17.5333,-149.3333,80.6,69,75,5.75,broken clouds
570,Bayshore Gardens,US,2021-05-11 06:56:05,27.4253,-82.5904,78.01,94,40,1.43,scattered clouds
571,Hvolsvollur,IS,2021-05-11 06:56:06,63.7533,-20.2243,35.22,48,7,4.52,clear sky
572,Zhengjiatun,CN,2021-05-11 06:56:06,43.5064,123.5064,75.78,24,100,19.57,overcast clouds
573,Kiama,AU,2021-05-11 06:56:07,-34.6833,150.8667,64.0,89,100,2.51,overcast clouds
574,Kudahuvadhoo,MV,2021-05-11 06:56:07,2.6708,72.8944,83.23,78,100,21.7,heavy intensity rain
575,Krasnoyarskiy,RU,2021-05-11 06:56:07,51.965,59.8967,65.59,28,0,10.69,clear sky
576,Kendal,GB,2021-05-11 06:56:08,54.3268,-2.7476,48.99,87,1,1.99,clear sky
577,Elk Point,US,2021-05-11 06:56:08,42.6833,-96.6836,44.01,54,34,6.44,scattered clouds
578,Inta,RU,2021-05-11 06:56:08,66.0317,60.1659,48.16,50,100,14.16,overcast clouds
579,Dongsheng,CN,2021-05-11 06:56:09,39.8161,109.9776,78.66,16,100,16.69,overcast clouds
580,Catamarca,AR,2021-05-11 06:56:09,-28.4696,-65.7852,59.0,83,87,3.0,overcast clouds
581,Tutin,RS,2021-05-11 06:56:09,42.9903,20.3314,66.15,65,0,1.88,clear sky
582,Qasigiannguit,GL,2021-05-11 06:56:10,68.8193,-51.1922,32.0,80,75,6.91,light snow
583,Tabriz,IR,2021-05-11 06:51:21,38.08,46.2919,59.0,44,0,6.91,clear sky
584,Panaba,MX,2021-05-11 06:56:10,21.2833,-88.2667,74.25,90,9,9.37,clear sky
585,Shanhetun,CN,2021-05-11 06:56:10,44.7,127.2,67.66,31,100,4.92,overcast clouds
586,Suluq,LY,2021-05-11 06:56:11,31.6682,20.2521,77.67,12,0,9.98,clear sky
587,Rapid City,US,2021-05-11 06:56:11,44.0805,-103.231,41.0,60,1,5.75,clear sky
588,Eten,PE,2021-05-11 06:56:11,-6.9081,-79.8642,64.0,85,48,3.0,scattered clouds
589,Okmulgee,US,2021-05-11 06:53:10,35.6234,-95.9605,50.0,87,1,5.75,clear sky
590,Astana,KZ,2021-05-11 06:53:32,51.1801,71.446,62.6,36,0,22.37,clear sky
591,Sal Rei,CV,2021-05-11 06:56:12,16.1833,-22.9167,68.0,88,40,10.36,scattered clouds
592,Mossoro,BR,2021-05-11 06:56:12,-5.1875,-37.3442,72.19,89,44,6.55,scattered clouds
593,Huai Thalaeng,TH,2021-05-11 06:56:13,14.997,102.6475,93.99,66,40,4.61,scattered clouds
594,Cap-Aux-Meules,CA,2021-05-11 06:52:01,47.3821,-61.8597,39.2,81,8,11.5,clear sky
595,Banda Aceh,ID,2021-05-11 06:56:13,5.5577,95.3222,84.7,74,80,6.22,broken clouds
596,Alvaraes,BR,2021-05-11 06:56:13,-3.2208,-64.8042,70.92,99,87,1.19,light rain
597,Chernyshevskiy,RU,2021-05-11 06:56:13,63.0128,112.4714,33.84,64,100,10.63,overcast clouds
598,Sakakah,SA,2021-05-11 06:56:14,29.9697,40.2064,91.4,12,20,5.75,few clouds
599,Maumere,ID,2021-05-11 06:56:14,-8.6199,122.2111,83.59,61,31,5.35,scattered clouds
600,Sakaiminato,JP,2021-05-11 06:56:14,35.55,133.2333,64.4,72,75,17.27,broken clouds
601,Soyo,AO,2021-05-11 06:56:15,-6.1349,12.3689,78.8,94,40,2.3,scattered clouds
602,Debre Birhan,ET,2021-05-11 06:56:15,9.6833,39.5333,62.42,44,100,8.88,overcast clouds
603,Prince Rupert,CA,2021-05-11 06:56:15,54.3161,-130.3201,46.4,87,90,2.3,overcast clouds
604,Puerto Penasco,MX,2021-05-11 06:56:16,31.3167,-113.5333,72.0,75,0,10.0,clear sky
605,Parit Raja,MY,2021-05-11 06:56:16,1.8681,103.1124,91.4,66,40,3.44,scattered clouds
606,Mashhad,IR,2021-05-11 06:56:16,36.297,59.6062,77.0,41,75,11.5,broken clouds
607,Phangnga,TH,2021-05-11 06:56:17,8.4509,98.5298,91.4,55,20,4.61,few clouds
608,Nelson Bay,AU,2021-05-11 06:56:17,-32.7167,152.15,64.4,88,40,4.61,scattered clouds
609,Am Timan,TD,2021-05-11 06:54:09,11.0297,20.2827,87.28,45,97,5.03,overcast clouds
610,Raudeberg,NO,2021-05-11 06:56:17,61.9875,5.1352,55.99,70,98,25.37,overcast clouds
611,Mmabatho,ZA,2021-05-11 06:51:36,-25.85,25.6333,60.8,51,0,3.44,clear sky
612,Haines Junction,CA,2021-05-11 06:56:18,60.7522,-137.5108,41.0,56,100,6.91,overcast clouds
613,Shulan,CN,2021-05-11 06:56:18,44.4167,126.95,67.89,32,100,6.89,overcast clouds
614,Coahuayana,MX,2021-05-11 06:56:18,18.7333,-103.6833,76.6,85,98,1.86,overcast clouds
615,Yokadouma,CM,2021-05-11 06:56:19,3.5167,15.05,76.46,77,59,2.04,broken clouds
616,Zvenigovo,RU,2021-05-11 06:56:19,55.9742,48.0181,59.0,72,0,11.18,clear sky
617,Altay,CN,2021-05-11 06:56:19,47.8667,88.1167,64.47,41,100,15.41,overcast clouds
618,Abonnema,NG,2021-05-11 06:56:20,4.7084,6.7931,80.94,79,100,2.57,overcast clouds
619,Danjiangkou,CN,2021-05-11 06:56:20,32.5428,111.5086,83.91,44,81,11.86,broken clouds
620,Verkhoyansk,RU,2021-05-11 06:56:20,67.5447,133.385,32.34,68,100,9.08,overcast clouds
621,Mpika,ZM,2021-05-11 06:56:21,-11.8343,31.4529,63.07,60,3,11.36,clear sky
622,Santa Cruz De Tenerife,ES,2021-05-11 06:54:03,28.4682,-16.2546,64.99,82,75,9.22,broken clouds
623,Yeppoon,AU,2021-05-11 06:53:13,-23.1333,150.7333,82.4,61,69,8.05,broken clouds
624,Leesburg,US,2021-05-11 06:51:22,39.1157,-77.5636,50.0,71,1,8.05,clear sky
625,Iberia,US,2021-05-11 06:56:21,29.9502,-91.7507,77.0,100,90,3.44,mist
626,Waitati,NZ,2021-05-11 06:56:22,-45.75,170.5667,48.99,81,100,18.99,overcast clouds
627,Langsa,ID,2021-05-11 06:56:22,4.4683,97.9683,87.78,66,100,7.99,overcast clouds
628,Bichura,RU,2021-05-11 06:56:22,50.5881,107.6022,50.23,54,82,9.37,broken clouds
629,Nur,PL,2021-05-11 06:56:23,52.6683,22.3221,60.89,70,16,18.03,few clouds
630,Bima,ID,2021-05-11 06:56:23,-8.4667,118.7167,87.73,58,27,6.38,scattered clouds
631,Goure,NE,2021-05-11 06:56:23,13.9835,10.2704,93.0,20,92,3.0,overcast clouds
632,Saint-Louis,SN,2021-05-11 06:56:23,16.3333,-15.0,78.8,44,0,2.3,clear sky
633,Hvide Sande,DK,2021-05-11 06:56:24,56.0045,8.1294,54.0,81,100,1.01,overcast clouds
634,Fortuna,US,2021-05-11 06:56:24,40.5982,-124.1573,52.0,93,90,2.53,overcast clouds
635,Liverpool,GB,2021-05-11 06:56:24,53.4106,-2.9779,50.0,87,0,9.22,clear sky
636,Natal,BR,2021-05-11 06:56:25,-5.795,-35.2094,73.4,94,0,6.91,clear sky
637,Bensonville,LR,2021-05-11 06:56:27,6.4461,-10.6125,75.2,94,75,3.44,broken clouds
638,Steubenville,US,2021-05-11 06:55:51,40.3698,-80.634,46.4,71,90,3.44,overcast clouds
639,Meridian,US,2021-05-11 06:52:10,43.6121,-116.3915,51.8,49,1,3.47,clear sky
640,Cotonou,BJ,2021-05-11 06:55:14,6.3654,2.4183,80.6,89,40,8.05,scattered clouds
641,Asosa,ET,2021-05-11 06:56:27,10.0667,34.5333,72.57,63,62,2.06,light rain
642,Tezu,IN,2021-05-11 06:56:27,27.9167,96.1667,91.63,32,39,5.88,scattered clouds
643,Lahaina,US,2021-05-11 06:55:47,20.8783,-156.6825,73.4,73,1,14.97,clear sky
644,Shamgarh,IN,2021-05-11 06:56:28,24.1833,75.6333,99.32,17,0,10.51,clear sky
645,Mukono,UG,2021-05-11 06:56:28,0.3533,32.7553,71.6,83,20,2.3,light rain
646,Rock Sound,BS,2021-05-11 06:56:29,24.9,-76.2,78.84,78,1,14.25,clear sky
647,Hasanabad,IR,2021-05-11 06:56:29,36.5465,61.0543,78.8,44,5,9.22,clear sky
648,Portland,US,2021-05-11 06:53:27,45.5234,-122.6762,54.0,70,35,1.01,scattered clouds
649,Ucluelet,CA,2021-05-11 06:56:29,48.9329,-125.5528,48.0,88,9,6.67,clear sky
650,Kristiansund,NO,2021-05-11 06:56:30,63.1115,7.732,55.4,62,0,6.91,clear sky
651,Padang,ID,2021-05-11 06:56:30,-0.9492,100.3543,86.0,79,40,4.61,scattered clouds
652,Saint Anthony,US,2021-05-11 06:56:30,45.0205,-93.218,41.0,64,1,3.04,clear sky
653,Porto Calvo,BR,2021-05-11 06:56:31,-9.045,-35.3983,73.4,94,75,11.5,moderate rain
654,Ushtobe,KZ,2021-05-11 06:56:31,45.2514,77.9838,77.63,21,62,12.41,broken clouds
655,Waddan,LY,2021-05-11 06:56:31,29.1614,16.139,85.19,16,0,14.52,clear sky
656,Seredka,RU,2021-05-11 06:56:32,58.1584,28.1858,66.2,30,0,8.95,clear sky
657,Kalevala,RU,2021-05-11 06:56:32,65.2,31.1667,49.59,94,100,6.04,overcast clouds
658,Timiryazevskoye,RU,2021-05-11 06:56:32,56.49,84.8769,69.01,15,0,20.13,clear sky
659,Peniche,PT,2021-05-11 06:56:33,39.3558,-9.3811,57.99,72,41,4.0,scattered clouds
660,Rundu,NA,2021-05-11 06:56:33,-17.9333,19.7667,64.13,28,0,7.38,clear sky
661,Gimbi,ET,2021-05-11 06:56:33,9.1667,35.8333,63.64,79,99,1.92,overcast clouds
662,Ambon,ID,2021-05-11 06:56:34,-3.6954,128.1814,87.8,66,40,4.61,scattered clouds
663,Saint-Junien,FR,2021-05-11 06:56:34,45.8833,0.9,48.0,93,90,9.22,mist
664,Beringovskiy,RU,2021-05-11 06:56:34,63.05,179.3167,29.91,97,100,11.79,snow
665,Rio Grande,BR,2021-05-11 06:56:34,-32.035,-52.0986,54.0,92,100,3.0,overcast clouds
666,Tieling,CN,2021-05-11 06:56:35,42.2931,123.8414,77.2,24,100,13.06,overcast clouds
667,Quibdo,CO,2021-05-11 06:56:35,5.6947,-76.6611,73.96,99,99,0.63,moderate rain
668,Spokoynaya,RU,2021-05-11 06:56:35,44.2468,41.4015,47.01,53,100,2.44,moderate rain
669,Yazykovo,RU,2021-05-11 06:56:36,55.2199,56.1353,70.38,39,90,5.32,overcast clouds
670,Loreto,MX,2021-05-11 06:56:36,22.2667,-101.9667,62.67,72,100,5.35,overcast clouds
671,Kushima,JP,2021-05-11 06:56:36,31.4583,131.2333,73.4,83,75,8.05,moderate rain
672,Mandalgovi,MN,2021-05-11 06:56:37,45.7625,106.2708,50.59,23,0,17.47,clear sky
673,Polyarnyy,RU,2021-05-11 06:56:37,69.1989,33.4478,46.4,66,75,6.71,broken clouds
674,Irituia,BR,2021-05-11 06:56:37,-1.7711,-47.4381,71.2,98,60,1.74,broken clouds
675,Buseresere,TZ,2021-05-11 06:56:38,-3.0236,31.8747,66.29,90,99,4.61,overcast clouds
676,Atambua,ID,2021-05-11 06:56:38,-9.1061,124.8925,81.01,54,8,1.95,clear sky
677,Nouakchott,MR,2021-05-11 06:56:38,18.0858,-15.9785,73.4,53,0,11.5,clear sky
678,Villarrica,PY,2021-05-11 06:55:19,-25.75,-56.4333,61.79,86,97,6.2,overcast clouds
679,Saint-Augustin,CA,2021-05-11 06:56:39,51.226,-58.6502,37.67,92,100,10.36,overcast clouds
680,Wasilla,US,2021-05-11 06:56:39,61.5814,-149.4394,44.6,93,90,5.75,light rain
681,Novyy Urengoy,RU,2021-05-11 06:56:39,66.0833,76.6333,48.51,72,100,13.33,overcast clouds
682,Bahia Blanca,AR,2021-05-11 06:51:42,-38.7196,-62.2724,44.62,41,0,6.4,clear sky
683,Bada,RU,2021-05-11 06:56:40,51.392,109.8717,48.92,62,97,11.34,overcast clouds
684,Prainha,BR,2021-05-11 06:56:40,-1.8,-53.48,72.18,98,100,1.81,overcast clouds
685,Katobu,ID,2021-05-11 06:56:41,-4.9408,122.5276,85.93,60,99,9.15,overcast clouds
